-4.12292422424798E-11,-5.43017186771522E-10,-0.535412496258447,5,0,,big
0.086005824815855,-0.051019585906411,-0.535412496258447,5,0.1,,big
0.172011649672939,-0.102039171269804,-0.535412496258447,5,0.2,,big
0.258017474530023,-0.153058756633198,-0.535412496258447,5,0.3,,big
0.344023299387106,-0.204078341996592,-0.535412496258447,5,0.4,,big
0.43002912424419,-0.255097927359985,-0.535412496258447,5,0.5,,big
0.516034949101274,-0.306117512723379,-0.535412496258447,5,0.6,,big
0.602040773958358,-0.357137098086772,-0.535412496258447,5,0.7,,big
0.688046598815442,-0.408156683450166,-0.535412496258447,5,0.8,,big
0.774052423672526,-0.459176268813559,-0.535412496258447,5,0.9,,big
0.86005824852961,-0.510195854176953,-0.535412496258447,5,1,,big
0.946064073386694,-0.561215439540347,-0.535412496258447,5,1.1,,big
1.03206989824378,-0.61223502490374,-0.535412496258447,5,1.2,,big
1.11807572310086,-0.663254610267134,-0.535412496258447,5,1.3,,big
1.20408154795795,-0.714274195630527,-0.535412496258447,5,1.4,,big
1.29008737281503,-0.765293780993921,-0.535412496258447,5,1.5,,big
1.37609319767211,-0.816313366357315,-0.535412496258447,5,1.6,,big
1.4620990225292,-0.867332951720708,-0.535412496258447,5,1.7,,big
1.54810484738628,-0.918352537084102,-0.535412496258447,5,1.8,,big
1.63411067224337,-0.969372122447495,-0.535412496258447,5,1.9,,big
1.72011649710045,-1.02039170781089,-0.535412496258447,5,2,,big
1.80612232195753,-1.07141129317428,-0.535412496258447,5,2.1,,big
1.89212814681462,-1.12243087853768,-0.535412496258447,5,2.2,,big
1.9781339716717,-1.17345046390107,-0.535412496258447,5,2.3,,big
2.06413979652879,-1.22447004926446,-0.535412496258447,5,2.4,,big
2.15014562138587,-1.27548963462786,-0.535412496258447,5,2.5,,big
2.23615144624295,-1.32650921999125,-0.535412496258447,5,2.6,,big
2.32215727110004,-1.37752880535464,-0.535412496258447,5,2.7,,big
2.40816309595712,-1.42854839071804,-0.535412496258447,5,2.8,,big
2.4941689208142,-1.47956797608143,-0.535412496258447,5,2.9,,big
2.58017474567129,-1.53058756144482,-0.535412496258447,5,3,,big
2.66618057052837,-1.58160714680822,-0.535412496258447,5,3.1,,big
2.75218639538546,-1.63262673217161,-0.535412496258447,5,3.2,,big
2.83819222024254,-1.68364631753501,-0.535412496258447,5,3.3,,big
2.92419804509962,-1.7346659028984,-0.535412496258447,5,3.4,,big
3.01020386995671,-1.78568548826179,-0.535412496258447,5,3.5,,big
3.09620969481379,-1.83670507362519,-0.535412496258447,5,3.6,,big
3.18221551967088,-1.88772465898858,-0.535412496258447,5,3.7,,big
3.26822134452796,-1.93874424435197,-0.535412496258447,5,3.8,,big
3.35422716938504,-1.98976382971537,-0.535412496258447,5,3.9,,big
3.44023299424213,-2.04078341507876,-0.535412496258447,5,4,,big
3.52623881909921,-2.09180300044215,-0.535412496258447,5,4.1,,big
3.6122446439563,-2.14282258580555,-0.535412496258447,5,4.2,,big
3.69825046881338,-2.19384217116894,-0.535412496258447,5,4.3,,big
3.78425629367046,-2.24486175653234,-0.535412496258447,5,4.4,,big
3.87026211852755,-2.29588134189573,-0.535412496258447,5,4.5,,big
3.95626794338463,-2.34690092725912,-0.535412496258447,5,4.6,,big
4.04227376824172,-2.39792051262252,-0.535412496258447,5,4.7,,big
4.1282795930988,-2.44894009798591,-0.535412496258447,5,4.8,,big
4.21428541795588,-2.4999596833493,-0.535412496258447,5,4.9,,big
4.30029124281297,-2.5509792687127,-0.535412496258447,5,5,,big
4.38629706767005,-2.60199885407609,-0.535412496258447,5,5.1,,big
4.47230289252714,-2.65301843943948,-0.535412496258447,5,5.2,,big
4.55830871738422,-2.70403802480288,-0.535412496258447,5,5.3,,big
4.6443145422413,-2.75505761016627,-0.535412496258447,5,5.4,,big
4.73032036709839,-2.80607719552966,-0.535412496258447,5,5.5,,big
4.81632619195547,-2.85709678089306,-0.535412496258447,5,5.6,,big
4.90233201681256,-2.90811636625645,-0.535412496258447,5,5.7,,big
4.98833784166964,-2.95913595161985,-0.535412496258447,5,5.8,,big
5.07434366652672,-3.01015553698324,-0.535412496258447,5,5.9,,big
5.16034949138381,-3.06117512234663,-0.535412496258447,5,6,,big
5.24635531624089,-3.11219470771003,-0.535412496258447,5,6.1,,big
5.33236114109798,-3.16321429307342,-0.535412496258447,5,6.2,,big
5.41836696595506,-3.21423387843681,-0.535412496258447,5,6.3,,big
5.50437279081214,-3.26525346380021,-0.535412496258447,5,6.4,,big
5.59037861566923,-3.3162730491636,-0.535412496258447,5,6.5,,big
5.67638444052631,-3.36729263452699,-0.535412496258447,5,6.6,,big
5.76239026538339,-3.41831221989039,-0.535412496258447,5,6.7,,big
5.84839609024048,-3.46933180525378,-0.535412496258447,5,6.8,,big
5.93440191509756,-3.52035139061717,-0.535412496258447,5,6.9,,big
6.02040773995465,-3.57137097598057,-0.535412496258447,5,7,,big
6.10641356481173,-3.62239056134396,-0.535412496258447,5,7.1,,big
6.19241938966881,-3.67341014670736,-0.535412496258447,5,7.2,,big
6.2784252145259,-3.72442973207075,-0.535412496258447,5,7.3,,big
6.36443103938298,-3.77544931743414,-0.535412496258447,5,7.4,,big
6.45043686424007,-3.82646890279754,-0.535412496258447,5,7.5,,big
6.53644268909715,-3.87748848816093,-0.535412496258447,5,7.6,,big
6.62244851395423,-3.92850807352432,-0.535412496258447,5,7.7,,big
6.70845433881132,-3.97952765888772,-0.535412496258447,5,7.8,,big
6.7944601636684,-4.03054724425111,-0.535412496258447,5,7.9,,big
6.88046598852549,-4.0815668296145,-0.535412496258447,5,8,,big
6.96647181338257,-4.1325864149779,-0.535412496258447,5,8.1,,big
7.05247763823965,-4.18360600034129,-0.535412496258447,5,8.2,,big
7.13848346309674,-4.23462558570469,-0.535412496258447,5,8.3,,big
7.22448928795382,-4.28564517106808,-0.535412496258447,5,8.4,,big
7.31049511281091,-4.33666475643147,-0.535412496258447,5,8.5,,big
7.39650093766799,-4.38768434179487,-0.535412496258447,5,8.6,,big
7.48250676252507,-4.43870392715826,-0.535412496258447,5,8.7,,big
7.56851258738216,-4.48972351252165,-0.535412496258447,5,8.8,,big
7.65451841223924,-4.54074309788505,-0.535412496258447,5,8.9,,big
7.74052423709632,-4.59176268324844,-0.535412496258447,5,9,,big
7.82653006195341,-4.64278226861183,-0.535412496258447,5,9.1,,big
7.91253588681049,-4.69380185397523,-0.535412496258447,5,9.2,,big
7.99854171166758,-4.74482143933862,-0.535412496258447,5,9.3,,big
8.08454753652466,-4.79584102470201,-0.535412496258447,5,9.4,,big
8.17055336138174,-4.84686061006541,-0.535412496258447,5,9.5,,big
8.25655918623883,-4.8978801954288,-0.535412496258447,5,9.6,,big
8.34256501109591,-4.9488997807922,-0.535412496258447,5,9.7,,big
8.428570835953,-4.99991936615559,-0.535412496258447,5,9.8,,big
8.51457666081008,-5.05093895151898,-0.535412496258447,5,9.9,,big
8.60058248566716,-5.10195853688238,-0.535412496258447,5,10,,big
8.68658831052425,-5.15297812224577,-0.535412496258447,5,10.1,,big
8.77259413538133,-5.20399770760916,-0.535412496258447,5,10.2,,big
8.85859996023842,-5.25501729297256,-0.535412496258447,5,10.3,,big
8.9446057850955,-5.30603687833595,-0.535412496258447,5,10.4,,big
9.03061160995258,-5.35705646369934,-0.535412496258447,5,10.5,,big
9.11661743480967,-5.40807604906274,-0.535412496258447,5,10.6,,big
9.20262325966675,-5.45909563442613,-0.535412496258447,5,10.7,,big
9.28862908452384,-5.51011521978952,-0.535412496258447,5,10.8,,big
9.37463490938092,-5.56113480515292,-0.535412496258447,5,10.9,,big
9.460640734238,-5.61215439051631,-0.535412496258447,5,11,,big
9.54664655909509,-5.66317397587971,-0.535412496258447,5,11.1,,big
9.63265238395217,-5.7141935612431,-0.535412496258447,5,11.2,,big
9.71865820880926,-5.76521314660649,-0.535412496258447,5,11.3,,big
9.80466403366634,-5.81623273196989,-0.535412496258447,5,11.4,,big
9.89066985852342,-5.86725231733328,-0.535412496258447,5,11.5,,big
9.97667568338051,-5.91827190269667,-0.535412496258447,5,11.6,,big
10.0626815082376,-5.96929148806007,-0.535412496258447,5,11.7,,big
10.1486873330947,-6.02031107342346,-0.535412496258447,5,11.8,,big
10.2346931579518,-6.07133065878685,-0.535412496258447,5,11.9,,big
10.3206989828088,-6.12235024415025,-0.535412496258447,5,12,,big
10.4067048076659,-6.17336982951364,-0.535412496258447,5,12.1,,big
10.492710632523,-6.22438941487703,-0.535412496258447,5,12.2,,big
10.5787164573801,-6.27540900024043,-0.535412496258447,5,12.3,,big
10.6647222822372,-6.32642858560382,-0.535412496258447,5,12.4,,big
10.7507281070943,-6.37744817096722,-0.535412496258447,5,12.5,,big
10.8367339319513,-6.42846775633061,-0.535412496258447,5,12.6,,big
10.9227397568084,-6.479487341694,-0.535412496258447,5,12.7,,big
11.0087455816655,-6.5305069270574,-0.535412496258447,5,12.8,,big
11.0947514065226,-6.58152651242079,-0.535412496258447,5,12.9,,big
11.1807572313797,-6.63254609778418,-0.535412496258447,5,13,,big
11.2667630562368,-6.68356568314758,-0.535412496258447,5,13.1,,big
11.3527688810939,-6.73458526851097,-0.535412496258447,5,13.2,,big
11.4387747059509,-6.78560485387436,-0.535412496258447,5,13.3,,big
11.524780530808,-6.83662443923776,-0.535412496258447,5,13.4,,big
11.6107863556651,-6.88764402460115,-0.535412496258447,5,13.5,,big
11.6967921805222,-6.93866360996455,-0.535412496258447,5,13.6,,big
11.7827980053793,-6.98968319532794,-0.535412496258447,5,13.7,,big
11.8688038302364,-7.04070278069133,-0.535412496258447,5,13.8,,big
11.9548096550934,-7.09172236605473,-0.535412496258447,5,13.9,,big
12.0408154799505,-7.14274195141812,-0.535412496258447,5,14,,big
12.1268213048076,-7.19376153678151,-0.535412496258447,5,14.1,,big
12.2128271296647,-7.24478112214491,-0.535412496258447,5,14.2,,big
12.2988329545218,-7.2958007075083,-0.535412496258447,5,14.3,,big
12.3848387793789,-7.34682029287169,-0.535412496258447,5,14.4,,big
12.4708446042359,-7.39783987823509,-0.535412496258447,5,14.5,,big
12.556850429093,-7.44885946359848,-0.535412496258447,5,14.6,,big
12.6428562539501,-7.49987904896187,-0.535412496258447,5,14.7,,big
12.7288620788072,-7.55089863432527,-0.535412496258447,5,14.8,,big
12.8148679036643,-7.60191821968866,-0.535412496258447,5,14.9,,big
12.9008737285214,-7.65293780505206,-0.535412496258447,5,15,,big
12.9868795533784,-7.70395739041545,-0.535412496258447,5,15.1,,big
13.0728853782355,-7.75497697577884,-0.535412496258447,5,15.2,,big
13.1588912030926,-7.80599656114224,-0.535412496258447,5,15.3,,big
13.2448970279497,-7.85701614650563,-0.535412496258447,5,15.4,,big
13.3309028528068,-7.90803573186902,-0.535412496258447,5,15.5,,big
13.4169086776639,-7.95905531723242,-0.535412496258447,5,15.6,,big
13.502914502521,-8.01007490259581,-0.535412496258447,5,15.7,,big
13.588920327378,-8.0610944879592,-0.535412496258447,5,15.8,,big
13.6749261522351,-8.1121140733226,-0.535412496258447,5,15.9,,big
13.7609319770922,-8.16313365868599,-0.535412496258447,5,16,,big
13.8469378019493,-8.21415324404939,-0.535412496258447,5,16.1,,big
13.9329436268064,-8.26517282941278,-0.535412496258447,5,16.2,,big
14.0189494516635,-8.31619241477617,-0.535412496258447,5,16.3,,big
14.1049552765205,-8.36721200013957,-0.535412496258447,5,16.4,,big
14.1909611013776,-8.41823158550296,-0.535412496258447,5,16.5,,big
14.2769669262347,-8.46925117086635,-0.535412496258447,5,16.6,,big
14.3629727510918,-8.52027075622975,-0.535412496258447,5,16.7,,big
14.4489785759489,-8.57129034159314,-0.535412496258447,5,16.8,,big
14.534984400806,-8.62230992695653,-0.535412496258447,5,16.9,,big
14.620990225663,-8.67332951231993,-0.535412496258447,5,17,,big
14.7069960505201,-8.72434909768332,-0.535412496258447,5,17.1,,big
14.7930018753772,-8.77536868304671,-0.535412496258447,5,17.2,,big
14.8790077002343,-8.82638826841011,-0.535412496258447,5,17.3,,big
14.9650135250914,-8.8774078537735,-0.535412496258447,5,17.4,,big
15.0510193499485,-8.92842743913689,-0.535412496258447,5,17.5,,big
15.1370251748055,-8.97944702450029,-0.535412496258447,5,17.6,,big
15.2230309996626,-9.03046660986368,-0.535412496258447,5,17.7,,big
15.3090368245197,-9.08148619522708,-0.535412496258447,5,17.8,,big
15.3950426493768,-9.13250578059047,-0.535412496258447,5,17.9,,big
15.4810484742339,-9.18352536595386,-0.535412496258447,5,18,,big
15.567054299091,-9.23454495131726,-0.535412496258447,5,18.1,,big
15.653060123948,-9.28556453668065,-0.535412496258447,5,18.2,,big
15.7390659488051,-9.33658412204404,-0.535412496258447,5,18.3,,big
15.8250717736622,-9.38760370740744,-0.535412496258447,5,18.4,,big
15.9110775985193,-9.43862329277083,-0.535412496258447,5,18.5,,big
15.9970834233764,-9.48964287813422,-0.535412496258447,5,18.6,,big
16.0830892482335,-9.54066246349762,-0.535412496258447,5,18.7,,big
16.1690950730906,-9.59168204886101,-0.535412496258447,5,18.8,,big
16.2551008979476,-9.64270163422441,-0.535412496258447,5,18.9,,big
16.3411067228047,-9.6937212195878,-0.535412496258447,5,19,,big
16.4271125476618,-9.74474080495119,-0.535412496258447,5,19.1,,big
16.5131183725189,-9.79576039031459,-0.535412496258447,5,19.2,,big
16.599124197376,-9.84677997567798,-0.535412496258447,5,19.3,,big
16.6851300222331,-9.89779956104137,-0.535412496258447,5,19.4,,big
16.7711358470901,-9.94881914640477,-0.535412496258447,5,19.5,,big
16.8571416719472,-9.99983873176816,-0.535412496258447,5,19.6,,big
16.9431474968043,-10.0508583171316,-0.535412496258447,5,19.7,,big
17.0291533216614,-10.101877902495,-0.535412496258447,5,19.8,,big
17.1151591465185,-10.1528974878583,-0.535412496258447,5,19.9,,big
17.2011649713756,-10.2039170732217,-0.535412496258447,5,20,,big
17.2871707962326,-10.2549366585851,-0.535412496258447,5,20.1,,big
17.3731766210897,-10.3059562439485,-0.535412496258447,5,20.2,,big
17.4591824459468,-10.3569758293119,-0.535412496258447,5,20.3,,big
17.5451882708039,-10.4079954146753,-0.535412496258447,5,20.4,,big
17.631194095661,-10.4590150000387,-0.535412496258447,5,20.5,,big
17.7171999205181,-10.5100345854021,-0.535412496258447,5,20.6,,big
17.8032057453751,-10.5610541707655,-0.535412496258447,5,20.7,,big
17.8892115702322,-10.6120737561289,-0.535412496258447,5,20.8,,big
17.9752173950893,-10.6630933414923,-0.535412496258447,5,20.9,,big
18.0612232199464,-10.7141129268557,-0.535412496258447,5,21,,big
18.1472290448035,-10.7651325122191,-0.535412496258447,5,21.1,,big
18.2332348696606,-10.8161520975825,-0.535412496258447,5,21.2,,big
18.3192406945176,-10.8671716829459,-0.535412496258447,5,21.3,,big
18.4052465193747,-10.9181912683092,-0.535412496258447,5,21.4,,big
18.4912523442318,-10.9692108536726,-0.535412496258447,5,21.5,,big
18.5772581690889,-11.020230439036,-0.535412496258447,5,21.6,,big
18.663263993946,-11.0712500243994,-0.535412496258447,5,21.7,,big
18.7492698188031,-11.1222696097628,-0.535412496258447,5,21.8,,big
18.8352756436602,-11.1732891951262,-0.535412496258447,5,21.9,,big
18.9212814685172,-11.2243087804896,-0.535412496258447,5,22,,big
19.0072872933743,-11.275328365853,-0.535412496258447,5,22.1,,big
19.0932931182314,-11.3263479512164,-0.535412496258447,5,22.2,,big
19.1792989430885,-11.3773675365798,-0.535412496258447,5,22.3,,big
19.2653047679456,-11.4283871219432,-0.535412496258447,5,22.4,,big
19.3513105928027,-11.4794067073066,-0.535412496258447,5,22.5,,big
19.4373164176597,-11.53042629267,-0.535412496258447,5,22.6,,big
19.5233222425168,-11.5814458780334,-0.535412496258447,5,22.7,,big
19.6093280673739,-11.6324654633968,-0.535412496258447,5,22.8,,big
19.695333892231,-11.6834850487601,-0.535412496258447,5,22.9,,big
19.7813397170881,-11.7345046341235,-0.535412496258447,5,23,,big
19.8673455419452,-11.7855242194869,-0.535412496258447,5,23.1,,big
19.9533513668022,-11.8365438048503,-0.535412496258447,5,23.2,,big
20.0393571916593,-11.8875633902137,-0.535412496258447,5,23.3,,big
20.1253630165164,-11.9385829755771,-0.535412496258447,5,23.4,,big
20.2113688413735,-11.9896025609405,-0.535412496258447,5,23.5,,big
20.2973746662306,-12.0406221463039,-0.535412496258447,5,23.6,,big
20.3833804910877,-12.0916417316673,-0.535412496258447,5,23.7,,big
20.4693863159447,-12.1426613170307,-0.535412496258447,5,23.8,,big
20.5553921408018,-12.1936809023941,-0.535412496258447,5,23.9,,big
20.6413979656589,-12.2447004877575,-0.535412496258447,5,24,,big
20.727403790516,-12.2957200731209,-0.535412496258447,5,24.1,,big
20.8134096153731,-12.3467396584843,-0.535412496258447,5,24.2,,big
20.8994154402302,-12.3977592438477,-0.535412496258447,5,24.3,,big
20.9854212650873,-12.4487788292111,-0.535412496258447,5,24.4,,big
21.0714270899443,-12.4997984145744,-0.535412496258447,5,24.5,,big
21.1574329148014,-12.5508179999378,-0.535412496258447,5,24.6,,big
21.2434387396585,-12.6018375853012,-0.535412496258447,5,24.7,,big
21.3294445645156,-12.6528571706646,-0.535412496258447,5,24.8,,big
21.4154503893727,-12.703876756028,-0.535412496258447,5,24.9,,big
21.5014562142298,-12.7548963413914,-0.535412496258447,5,25,,big
21.5874620390868,-12.8059159267548,-0.535412496258447,5,25.1,,big
21.6734678639439,-12.8569355121182,-0.535412496258447,5,25.2,,big
21.759473688801,-12.9079550974816,-0.535412496258447,5,25.3,,big
21.8454795136581,-12.958974682845,-0.535412496258447,5,25.4,,big
21.9314853385152,-13.0099942682084,-0.535412496258447,5,25.5,,big
22.0174911633723,-13.0610138535718,-0.535412496258447,5,25.6,,big
22.1034969882293,-13.1120334389352,-0.535412496258447,5,25.7,,big
22.1895028130864,-13.1630530242986,-0.535412496258447,5,25.8,,big
22.2755086379435,-13.214072609662,-0.535412496258447,5,25.9,,big
22.3615144628006,-13.2650921950254,-0.535412496258447,5,26,,big
22.4475202876577,-13.3161117803887,-0.535412496258447,5,26.1,,big
22.5335261125148,-13.3671313657521,-0.535412496258447,5,26.2,,big
22.6195319373718,-13.4181509511155,-0.535412496258447,5,26.3,,big
22.7055377622289,-13.4691705364789,-0.535412496258447,5,26.4,,big
22.791543587086,-13.5201901218423,-0.535412496258447,5,26.5,,big
22.8775494119431,-13.5712097072057,-0.535412496258447,5,26.6,,big
22.9635552368002,-13.6222292925691,-0.535412496258447,5,26.7,,big
23.0495610616573,-13.6732488779325,-0.535412496258447,5,26.8,,big
23.1355668865144,-13.7242684632959,-0.535412496258447,5,26.9,,big
23.2215727113714,-13.7752880486593,-0.535412496258447,5,27,,big
23.3075785362285,-13.8263076340227,-0.535412496258447,5,27.1,,big
23.3935843610856,-13.8773272193861,-0.535412496258447,5,27.2,,big
23.4795901859427,-13.9283468047495,-0.535412496258447,5,27.3,,big
23.5655960107998,-13.9793663901129,-0.535412496258447,5,27.4,,big
23.6516018356569,-14.0303859754763,-0.535412496258447,5,27.5,,big
23.7376076605139,-14.0814055608396,-0.535412496258447,5,27.6,,big
23.823613485371,-14.132425146203,-0.535412496258447,5,27.7,,big
23.9096193102281,-14.1834447315664,-0.535412496258447,5,27.8,,big
23.9956251350852,-14.2344643169298,-0.535412496258447,5,27.9,,big
24.0816309599423,-14.2854839022932,-0.535412496258447,5,28,,big
24.1676367847994,-14.3365034876566,-0.535412496258447,5,28.1,,big
24.2536426096564,-14.38752307302,-0.535412496258447,5,28.2,,big
24.3396484345135,-14.4385426583834,-0.535412496258447,5,28.3,,big
24.4256542593706,-14.4895622437468,-0.535412496258447,5,28.4,,big
24.5116600842277,-14.5405818291102,-0.535412496258447,5,28.5,,big
24.5976659090848,-14.5916014144736,-0.535412496258447,5,28.6,,big
24.6836717339419,-14.642620999837,-0.535412496258447,5,28.7,,big
24.7696775587989,-14.6936405852004,-0.535412496258447,5,28.8,,big
24.855683383656,-14.7446601705638,-0.535412496258447,5,28.9,,big
24.9416892085131,-14.7956797559272,-0.535412496258447,5,29,,big
25.0276950333702,-14.8466993412905,-0.535412496258447,5,29.1,,big
25.1137008582273,-14.8977189266539,-0.535412496258447,5,29.2,,big
25.1997066830844,-14.9487385120173,-0.535412496258447,5,29.3,,big
25.2857125079414,-14.9997580973807,-0.535412496258447,5,29.4,,big
25.3717183327985,-15.0507776827441,-0.535412496258447,5,29.5,,big
25.4577241576556,-15.1017972681075,-0.535412496258447,5,29.6,,big
25.5437299825127,-15.1528168534709,-0.535412496258447,5,29.7,,big
25.6297358073698,-15.2038364388343,-0.535412496258447,5,29.8,,big
25.7157416322269,-15.2548560241977,-0.535412496258447,5,29.9,,big
25.8017474570839,-15.3058756095611,-0.535412496258447,5,30,,big
25.887753281941,-15.3568951949245,-0.535412496258447,5,30.1,,big
25.9737591067981,-15.4079147802879,-0.535412496258447,5,30.2,,big
26.0597649316552,-15.4589343656513,-0.535412496258447,5,30.3,,big
26.1457707565123,-15.5099539510147,-0.535412496258447,5,30.4,,big
26.2317765813694,-15.5609735363781,-0.535412496258447,5,30.5,,big
26.3177824062265,-15.6119931217415,-0.535412496258447,5,30.6,,big
26.4037882310835,-15.6630127071048,-0.535412496258447,5,30.7,,big
26.4897940559406,-15.7140322924682,-0.535412496258447,5,30.8,,big
26.5757998807977,-15.7650518778316,-0.535412496258447,5,30.9,,big
26.6618057056548,-15.816071463195,-0.535412496258447,5,31,,big
26.7478115305119,-15.8670910485584,-0.535412496258447,5,31.1,,big
26.833817355369,-15.9181106339218,-0.535412496258447,5,31.2,,big
26.919823180226,-15.9691302192852,-0.535412496258447,5,31.3,,big
27.0058290050831,-16.0201498046486,-0.535412496258447,5,31.4,,big
27.0918348299402,-16.071169390012,-0.535412496258447,5,31.5,,big
27.1778406547973,-16.1221889753754,-0.535412496258447,5,31.6,,big
27.2638464796544,-16.1732085607388,-0.535412496258447,5,31.7,,big
27.3498523045115,-16.2242281461022,-0.535412496258447,5,31.8,,big
27.4358581293685,-16.2752477314656,-0.535412496258447,5,31.9,,big
27.5218639542256,-16.326267316829,-0.535412496258447,5,32,,big
27.6078697790827,-16.3772869021924,-0.535412496258447,5,32.1,,big
27.6938756039398,-16.4283064875558,-0.535412496258447,5,32.2,,big
27.7798814287969,-16.4793260729191,-0.535412496258447,5,32.3,,big
27.865887253654,-16.5303456582825,-0.535412496258447,5,32.4,,big
27.951893078511,-16.5813652436459,-0.535412496258447,5,32.5,,big
28.0378989033681,-16.6323848290093,-0.535412496258447,5,32.6,,big
28.1239047282252,-16.6834044143727,-0.535412496258447,5,32.7,,big
28.2099105530823,-16.7344239997361,-0.535412496258447,5,32.8,,big
28.2959163779394,-16.7854435850995,-0.535412496258447,5,32.9,,big
28.3819222027965,-16.8364631704629,-0.535412496258447,5,33,,big
28.4679280276536,-16.8874827558263,-0.535412496258447,5,33.1,,big
28.5539338525106,-16.9385023411897,-0.535412496258447,5,33.2,,big
28.6399396773677,-16.9895219265531,-0.535412496258447,5,33.3,,big
28.7259455022248,-17.0405415119165,-0.535412496258447,5,33.4,,big
28.8119513270819,-17.0915610972799,-0.535412496258447,5,33.5,,big
28.897957151939,-17.1425806826433,-0.535412496258447,5,33.6,,big
28.9839629767961,-17.1936002680067,-0.535412496258447,5,33.7,,big
29.0699688016531,-17.2446198533701,-0.535412496258447,5,33.8,,big
29.1559746265102,-17.2956394387334,-0.535412496258447,5,33.9,,big
29.2419804513673,-17.3466590240968,-0.535412496258447,5,34,,big
29.3279862762244,-17.3976786094602,-0.535412496258447,5,34.1,,big
29.4139921010815,-17.4486981948236,-0.535412496258447,5,34.2,,big
29.4999979259386,-17.499717780187,-0.535412496258447,5,34.3,,big
29.5860037507956,-17.5507373655504,-0.535412496258447,5,34.4,,big
29.6720095756527,-17.6017569509138,-0.535412496258447,5,34.5,,big
29.7580154005098,-17.6527765362772,-0.535412496258447,5,34.6,,big
29.8440212253669,-17.7037961216406,-0.535412496258447,5,34.7,,big
29.930027050224,-17.754815707004,-0.535412496258447,5,34.8,,big
30.0160328750811,-17.8058352923674,-0.535412496258447,5,34.9,,big
30.1020386999381,-17.8568548777308,-0.535412496258447,5,35,,big
30.1880445247952,-17.9078744630942,-0.535412496258447,5,35.1,,big
30.2740503496523,-17.9588940484576,-0.535412496258447,5,35.2,,big
30.3600561745094,-18.009913633821,-0.535412496258447,5,35.3,,big
30.4460619993665,-18.0609332191843,-0.535412496258447,5,35.4,,big
30.5320678242236,-18.1119528045477,-0.535412496258447,5,35.5,,big
30.6180736490807,-18.1629723899111,-0.535412496258447,5,35.6,,big
30.7040794739377,-18.2139919752745,-0.535412496258447,5,35.7,,big
30.7900852987948,-18.2650115606379,-0.535412496258447,5,35.8,,big
30.8760911236519,-18.3160311460013,-0.535412496258447,5,35.9,,big
30.962096948509,-18.3670507313647,-0.535412496258447,5,36,,big
31.0481027733661,-18.4180703167281,-0.535412496258447,5,36.1,,big
31.1341085982232,-18.4690899020915,-0.535412496258447,5,36.2,,big
31.2201144230802,-18.5201094874549,-0.535412496258447,5,36.3,,big
31.3061202479373,-18.5711290728183,-0.535412496258447,5,36.4,,big
31.3921260727944,-18.6221486581817,-0.535412496258447,5,36.5,,big
31.4781318976515,-18.6731682435451,-0.535412496258447,5,36.6,,big
31.5641377225086,-18.7241878289085,-0.535412496258447,5,36.7,,big
31.6501435473657,-18.7752074142719,-0.535412496258447,5,36.8,,big
31.7361493722227,-18.8262269996353,-0.535412496258447,5,36.9,,big
31.8221551970798,-18.8772465849986,-0.535412496258447,5,37,,big
31.9081610219369,-18.928266170362,-0.535412496258447,5,37.1,,big
31.994166846794,-18.9792857557254,-0.535412496258447,5,37.2,,big
32.0801726716511,-19.0303053410888,-0.535412496258447,5,37.3,,big
32.1661784965082,-19.0813249264522,-0.535412496258447,5,37.4,,big
32.2521843213652,-19.1323445118156,-0.535412496258447,5,37.5,,big
32.3381901462223,-19.183364097179,-0.535412496258447,5,37.6,,big
32.4241959710794,-19.2343836825424,-0.535412496258447,5,37.7,,big
32.5102017959365,-19.2854032679058,-0.535412496258447,5,37.8,,big
32.5962076207936,-19.3364228532692,-0.535412496258447,5,37.9,,big
32.6822134456507,-19.3874424386326,-0.535412496258447,5,38,,big
32.7682192705078,-19.438462023996,-0.535412496258447,5,38.1,,big
32.8542250953648,-19.4894816093594,-0.535412496258447,5,38.2,,big
32.9402309202219,-19.5405011947228,-0.535412496258447,5,38.3,,big
33.026236745079,-19.5915207800862,-0.535412496258447,5,38.4,,big
33.1122425699361,-19.6425403654495,-0.535412496258447,5,38.5,,big
33.1982483947932,-19.6935599508129,-0.535412496258447,5,38.6,,big
33.2842542196502,-19.7445795361763,-0.535412496258447,5,38.7,,big
33.3702600445073,-19.7955991215397,-0.535412496258447,5,38.8,,big
33.4562658693644,-19.8466187069031,-0.535412496258447,5,38.9,,big
33.5422716942215,-19.8976382922665,-0.535412496258447,5,39,,big
33.6282775190786,-19.9486578776299,-0.535412496258447,5,39.1,,big
33.7142833439357,-19.9996774629933,-0.535412496258447,5,39.2,,big
33.8002891687928,-20.0506970483567,-0.535412496258447,5,39.3,,big
33.8862949936498,-20.1017166337201,-0.535412496258447,5,39.4,,big
33.9723008185069,-20.1527362190835,-0.535412496258447,5,39.5,,big
34.058306643364,-20.2037558044469,-0.535412496258447,5,39.6,,big
34.1443124682211,-20.2547753898103,-0.535412496258447,5,39.7,,big
34.2303182930782,-20.3057949751737,-0.535412496258447,5,39.8,,big
34.3163241179353,-20.3568145605371,-0.535412496258447,5,39.9,,big
34.4023299427923,-20.4078341459005,-0.535412496258447,5,40,,big
34.4883357676494,-20.4588537312638,-0.535412496258447,5,40.1,,big
34.5743415925065,-20.5098733166272,-0.535412496258447,5,40.2,,big
34.6603474173636,-20.5608929019906,-0.535412496258447,5,40.3,,big
34.7463532422207,-20.611912487354,-0.535412496258447,5,40.4,,big
34.8323590670778,-20.6629320727174,-0.535412496258447,5,40.5,,big
34.9183648919348,-20.7139516580808,-0.535412496258447,5,40.6,,big
35.0043707167919,-20.7649712434442,-0.535412496258447,5,40.7,,big
35.090376541649,-20.8159908288076,-0.535412496258447,5,40.8,,big
35.1763823665061,-20.867010414171,-0.535412496258447,5,40.9,,big
35.2623881913632,-20.9180299995344,-0.535412496258447,5,41,,big
35.3483940162203,-20.9690495848978,-0.535412496258447,5,41.1,,big
35.4343998410773,-21.0200691702612,-0.535412496258447,5,41.2,,big
35.5204056659344,-21.0710887556246,-0.535412496258447,5,41.3,,big
35.6064114907915,-21.122108340988,-0.535412496258447,5,41.4,,big
35.6924173156486,-21.1731279263514,-0.535412496258447,5,41.5,,big
35.7784231405057,-21.2241475117148,-0.535412496258447,5,41.6,,big
35.8644289653628,-21.2751670970781,-0.535412496258447,5,41.7,,big
35.9504347902199,-21.3261866824415,-0.535412496258447,5,41.8,,big
36.0364406150769,-21.3772062678049,-0.535412496258447,5,41.9,,big
36.122446439934,-21.4282258531683,-0.535412496258447,5,42,,big
36.2084522647911,-21.4792454385317,-0.535412496258447,5,42.1,,big
36.2944580896482,-21.5302650238951,-0.535412496258447,5,42.2,,big
36.3804639145053,-21.5812846092585,-0.535412496258447,5,42.3,,big
36.4664697393624,-21.6323041946219,-0.535412496258447,5,42.4,,big
36.5524755642194,-21.6833237799853,-0.535412496258447,5,42.5,,big
36.6384813890765,-21.7343433653487,-0.535412496258447,5,42.6,,big
36.7244872139336,-21.7853629507121,-0.535412496258447,5,42.7,,big
36.8104930387907,-21.8363825360755,-0.535412496258447,5,42.8,,big
36.8964988636478,-21.8874021214389,-0.535412496258447,5,42.9,,big
36.9825046885049,-21.9384217068023,-0.535412496258447,5,43,,big
37.0685105133619,-21.9894412921657,-0.535412496258447,5,43.1,,big
37.154516338219,-22.040460877529,-0.535412496258447,5,43.2,,big
37.2405221630761,-22.0914804628924,-0.535412496258447,5,43.3,,big
37.3265279879332,-22.1425000482558,-0.535412496258447,5,43.4,,big
37.4125338127903,-22.1935196336192,-0.535412496258447,5,43.5,,big
37.4985396376474,-22.2445392189826,-0.535412496258447,5,43.6,,big
37.5845454625045,-22.295558804346,-0.535412496258447,5,43.7,,big
37.6705512873615,-22.3465783897094,-0.535412496258447,5,43.8,,big
37.7565571122186,-22.3975979750728,-0.535412496258447,5,43.9,,big
37.8425629370757,-22.4486175604362,-0.535412496258447,5,44,,big
37.9285687619328,-22.4996371457996,-0.535412496258447,5,44.1,,big
38.0145745867899,-22.550656731163,-0.535412496258447,5,44.2,,big
38.100580411647,-22.6016763165264,-0.535412496258447,5,44.3,,big
38.186586236504,-22.6526959018898,-0.535412496258447,5,44.4,,big
38.2725920613611,-22.7037154872532,-0.535412496258447,5,44.5,,big
38.3585978862182,-22.7547350726166,-0.535412496258447,5,44.6,,big
38.4446037110753,-22.8057546579799,-0.535412496258447,5,44.7,,big
38.5306095359324,-22.8567742433433,-0.535412496258447,5,44.8,,big
38.6166153607895,-22.9077938287067,-0.535412496258447,5,44.9,,big
38.7026211856465,-22.9588134140701,-0.535412496258447,5,45,,big
38.7886270105036,-23.0098329994335,-0.535412496258447,5,45.1,,big
38.8746328353607,-23.0608525847969,-0.535412496258447,5,45.2,,big
38.9606386602178,-23.1118721701603,-0.535412496258447,5,45.3,,big
39.0466444850749,-23.1628917555237,-0.535412496258447,5,45.4,,big
39.132650309932,-23.2139113408871,-0.535412496258447,5,45.5,,big
39.218656134789,-23.2649309262505,-0.535412496258447,5,45.6,,big
39.3046619596461,-23.3159505116139,-0.535412496258447,5,45.7,,big
39.3906677845032,-23.3669700969773,-0.535412496258447,5,45.8,,big
39.4766736093603,-23.4179896823407,-0.535412496258447,5,45.9,,big
39.5626794342174,-23.4690092677041,-0.535412496258447,5,46,,big
39.6486852590745,-23.5200288530675,-0.535412496258447,5,46.1,,big
39.7346910839315,-23.5710484384309,-0.535412496258447,5,46.2,,big
39.8206969087886,-23.6220680237942,-0.535412496258447,5,46.3,,big
39.9067027336457,-23.6730876091576,-0.535412496258447,5,46.4,,big
39.9927085585028,-23.724107194521,-0.535412496258447,5,46.5,,big
40.0787143833599,-23.7751267798844,-0.535412496258447,5,46.6,,big
40.164720208217,-23.8261463652478,-0.535412496258447,5,46.7,,big
40.2507260330741,-23.8771659506112,-0.535412496258447,5,46.8,,big
40.3367318579311,-23.9281855359746,-0.535412496258447,5,46.9,,big
40.4227376827882,-23.979205121338,-0.535412496258447,5,47,,big
40.5087435076453,-24.0302247067014,-0.535412496258447,5,47.1,,big
40.5947493325024,-24.0812442920648,-0.535412496258447,5,47.2,,big
40.6807551573595,-24.1322638774282,-0.535412496258447,5,47.3,,big
40.7667609822166,-24.1832834627916,-0.535412496258447,5,47.4,,big
40.8527668070736,-24.234303048155,-0.535412496258447,5,47.5,,big
40.9387726319307,-24.2853226335184,-0.535412496258447,5,47.6,,big
41.0247784567878,-24.3363422188818,-0.535412496258447,5,47.7,,big
41.1107842816449,-24.3873618042452,-0.535412496258447,5,47.8,,big
41.196790106502,-24.4383813896085,-0.535412496258447,5,47.9,,big
41.2827959313591,-24.4894009749719,-0.535412496258447,5,48,,big
41.3688017562162,-24.5404205603353,-0.535412496258447,5,48.1,,big
41.4548075810732,-24.5914401456987,-0.535412496258447,5,48.2,,big
41.5408134059303,-24.6424597310621,-0.535412496258447,5,48.3,,big
41.6268192307874,-24.6934793164255,-0.535412496258447,5,48.4,,big
41.7128250556445,-24.7444989017889,-0.535412496258447,5,48.5,,big
41.7988308805016,-24.7955184871523,-0.535412496258447,5,48.6,,big
41.8848367053587,-24.8465380725157,-0.535412496258447,5,48.7,,big
41.9708425302157,-24.8975576578791,-0.535412496258447,5,48.8,,big
42.0568483550728,-24.9485772432425,-0.535412496258447,5,48.9,,big
42.1428541799299,-24.9995968286059,-0.535412496258447,5,49,,big
42.228860004787,-25.0506164139693,-0.535412496258447,5,49.1,,big
42.3148658296441,-25.1016359993327,-0.535412496258447,5,49.2,,big
42.4008716545012,-25.1526555846961,-0.535412496258447,5,49.3,,big
42.4868774793582,-25.2036751700594,-0.535412496258447,5,49.4,,big
42.5728833042153,-25.2546947554228,-0.535412496258447,5,49.5,,big
42.6588891290724,-25.3057143407862,-0.535412496258447,5,49.6,,big
42.7448949539295,-25.3567339261496,-0.535412496258447,5,49.7,,big
42.8309007787866,-25.407753511513,-0.535412496258447,5,49.8,,big
42.9169066036437,-25.4587730968764,-0.535412496258447,5,49.9,,big
43.0029124285007,-25.5097926822398,-0.535412496258447,5,50,,big
43.0889182533578,-25.5608122676032,-0.535412496258447,5,50.1,,big
43.1749240782149,-25.6118318529666,-0.535412496258447,5,50.2,,big
43.260929903072,-25.66285143833,-0.535412496258447,5,50.3,,big
43.3469357279291,-25.7138710236934,-0.535412496258447,5,50.4,,big
43.4329415527862,-25.7648906090568,-0.535412496258447,5,50.5,,big
43.5189473776432,-25.8159101944202,-0.535412496258447,5,50.6,,big
43.6049532025003,-25.8669297797836,-0.535412496258447,5,50.7,,big
43.6909590273574,-25.917949365147,-0.535412496258447,5,50.8,,big
43.7769648522145,-25.9689689505104,-0.535412496258447,5,50.9,,big
43.8629706770716,-26.0199885358737,-0.535412496258447,5,51,,big
43.9489765019287,-26.0710081212371,-0.535412496258447,5,51.1,,big
44.0349823267858,-26.1220277066005,-0.535412496258447,5,51.2,,big
44.1209881516428,-26.1730472919639,-0.535412496258447,5,51.3,,big
44.2069939764999,-26.2240668773273,-0.535412496258447,5,51.4,,big
44.292999801357,-26.2750864626907,-0.535412496258447,5,51.5,,big
44.3790056262141,-26.3261060480541,-0.535412496258447,5,51.6,,big
44.4650114510712,-26.3771256334175,-0.535412496258447,5,51.7,,big
44.5510172759282,-26.4281452187809,-0.535412496258447,5,51.8,,big
44.6370231007853,-26.4791648041443,-0.535412496258447,5,51.9,,big
44.7230289256424,-26.5301843895077,-0.535412496258447,5,52,,big
44.8090347504995,-26.5812039748711,-0.535412496258447,5,52.1,,big
44.8950405753566,-26.6322235602345,-0.535412496258447,5,52.2,,big
44.9810464002137,-26.6832431455979,-0.535412496258447,5,52.3,,big
45.0670522250708,-26.7342627309613,-0.535412496258447,5,52.4,,big
45.1530580499278,-26.7852823163247,-0.535412496258447,5,52.5,,big
45.2390638747849,-26.836301901688,-0.535412496258447,5,52.6,,big
45.325069699642,-26.8873214870514,-0.535412496258447,5,52.7,,big
45.4110755244991,-26.9383410724148,-0.535412496258447,5,52.8,,big
45.4970813493562,-26.9893606577782,-0.535412496258447,5,52.9,,big
45.5830871742133,-27.0403802431416,-0.535412496258447,5,53,,big
45.6690929990703,-27.091399828505,-0.535412496258447,5,53.1,,big
45.7550988239274,-27.1424194138684,-0.535412496258447,5,53.2,,big
45.8411046487845,-27.1934389992318,-0.535412496258447,5,53.3,,big
45.9271104736416,-27.2444585845952,-0.535412496258447,5,53.4,,big
46.0131162984987,-27.2954781699586,-0.535412496258447,5,53.5,,big
46.0991221233558,-27.346497755322,-0.535412496258447,5,53.6,,big
46.1851279482129,-27.3975173406854,-0.535412496258447,5,53.7,,big
46.2711337730699,-27.4485369260488,-0.535412496258447,5,53.8,,big
46.357139597927,-27.4995565114122,-0.535412496258447,5,53.9,,big
46.4431454227841,-27.5505760967756,-0.535412496258447,5,54,,big
46.5291512476412,-27.6015956821389,-0.535412496258447,5,54.1,,big
46.6151570724983,-27.6526152675023,-0.535412496258447,5,54.2,,big
46.7011628973553,-27.7036348528657,-0.535412496258447,5,54.3,,big
46.7871687222124,-27.7546544382291,-0.535412496258447,5,54.4,,big
46.8731745470695,-27.8056740235925,-0.535412496258447,5,54.5,,big
46.9591803719266,-27.8566936089559,-0.535412496258447,5,54.6,,big
47.0451861967837,-27.9077131943193,-0.535412496258447,5,54.7,,big
47.1311920216408,-27.9587327796827,-0.535412496258447,5,54.8,,big
47.2171978464979,-28.0097523650461,-0.535412496258447,5,54.9,,big
47.3032036713549,-28.0607719504095,-0.535412496258447,5,55,,big
47.389209496212,-28.1117915357729,-0.535412496258447,5,55.1,,big
47.4752153210691,-28.1628111211363,-0.535412496258447,5,55.2,,big
47.5612211459262,-28.2138307064997,-0.535412496258447,5,55.3,,big
47.6472269707833,-28.2648502918631,-0.535412496258447,5,55.4,,big
47.7332327956403,-28.3158698772265,-0.535412496258447,5,55.5,,big
47.8192386204974,-28.3668894625898,-0.535412496258447,5,55.6,,big
47.9052444453545,-28.4179090479532,-0.535412496258447,5,55.7,,big
47.9912502702116,-28.4689286333166,-0.535412496258447,5,55.8,,big
48.0772560950687,-28.51994821868,-0.535412496258447,5,55.9,,big
48.1632619199258,-28.5709678040434,-0.535412496258447,5,56,,big
48.2492677447829,-28.6219873894068,-0.535412496258447,5,56.1,,big
48.3352735696399,-28.6730069747702,-0.535412496258447,5,56.2,,big
48.421279394497,-28.7240265601336,-0.535412496258447,5,56.3,,big
48.5072852193541,-28.775046145497,-0.535412496258447,5,56.4,,big
48.5932910442112,-28.8260657308604,-0.535412496258447,5,56.5,,big
48.6792968690683,-28.8770853162238,-0.535412496258447,5,56.6,,big
48.7653026939254,-28.9281049015872,-0.535412496258447,5,56.7,,big
48.8513085187824,-28.9791244869506,-0.535412496258447,5,56.8,,big
48.9373143436395,-29.030144072314,-0.535412496258447,5,56.9,,big
49.0233201684966,-29.0811636576774,-0.535412496258447,5,57,,big
49.1093259933537,-29.1321832430408,-0.535412496258447,5,57.1,,big
49.1953318182108,-29.1832028284041,-0.535412496258447,5,57.2,,big
49.2813376430679,-29.2342224137675,-0.535412496258447,5,57.3,,big
49.367343467925,-29.2852419991309,-0.535412496258447,5,57.4,,big
49.453349292782,-29.3362615844943,-0.535412496258447,5,57.5,,big
49.5393551176391,-29.3872811698577,-0.535412496258447,5,57.6,,big
49.6253609424962,-29.4383007552211,-0.535412496258447,5,57.7,,big
49.7113667673533,-29.4893203405845,-0.535412496258447,5,57.8,,big
49.7973725922104,-29.5403399259479,-0.535412496258447,5,57.9,,big
49.8833784170675,-29.5913595113113,-0.535412496258447,5,58,,big
49.9693842419245,-29.6423790966747,-0.535412496258447,5,58.1,,big
50.0553900667816,-29.6933986820381,-0.535412496258447,5,58.2,,big
50.1413958916387,-29.7444182674015,-0.535412496258447,5,58.3,,big
50.2274017164958,-29.7954378527649,-0.535412496258447,5,58.4,,big
50.3134075413529,-29.8464574381283,-0.535412496258447,5,58.5,,big
50.39941336621,-29.8974770234917,-0.535412496258447,5,58.6,,big
50.485419191067,-29.9484966088551,-0.535412496258447,5,58.7,,big
50.5714250159241,-29.9995161942184,-0.535412496258447,5,58.8,,big
50.6574308407812,-30.0505357795818,-0.535412496258447,5,58.9,,big
50.7434366656383,-30.1015553649452,-0.535412496258447,5,59,,big
50.8294424904954,-30.1525749503086,-0.535412496258447,5,59.1,,big
50.9154483153525,-30.203594535672,-0.535412496258447,5,59.2,,big
51.0014541402096,-30.2546141210354,-0.535412496258447,5,59.3,,big
51.0874599650666,-30.3056337063988,-0.535412496258447,5,59.4,,big
51.1734657899237,-30.3566532917622,-0.535412496258447,5,59.5,,big
51.2594716147808,-30.4076728771256,-0.535412496258447,5,59.6,,big
51.3454774396379,-30.458692462489,-0.535412496258447,5,59.7,,big
51.431483264495,-30.5097120478524,-0.535412496258447,5,59.8,,big
51.5174890893521,-30.5607316332158,-0.535412496258447,5,59.9,,big
51.6034949142091,-30.6117512185792,-0.535412496258447,5,60,,big
51.6895007390662,-30.6627708039426,-0.535412496258447,5,60.1,,big
51.7755065639233,-30.713790389306,-0.535412496258447,5,60.2,,big
51.8615123887804,-30.7648099746693,-0.535412496258447,5,60.3,,big
51.9475182136375,-30.8158295600327,-0.535412496258447,5,60.4,,big
52.0335240384946,-30.8668491453961,-0.535412496258447,5,60.5,,big
52.1195298633516,-30.9178687307595,-0.535412496258447,5,60.6,,big
52.2055356882087,-30.9688883161229,-0.535412496258447,5,60.7,,big
52.2915415130658,-31.0199079014863,-0.535412496258447,5,60.8,,big
52.3775473379229,-31.0709274868497,-0.535412496258447,5,60.9,,big
52.46355316278,-31.1219470722131,-0.535412496258447,5,61,,big
52.5495589876371,-31.1729666575765,-0.535412496258447,5,61.1,,big
52.6355648124941,-31.2239862429399,-0.535412496258447,5,61.2,,big
52.7215706373512,-31.2750058283033,-0.535412496258447,5,61.3,,big
52.8075764622083,-31.3260254136667,-0.535412496258447,5,61.4,,big
52.8935822870654,-31.3770449990301,-0.535412496258447,5,61.5,,big
52.9795881119225,-31.4280645843935,-0.535412496258447,5,61.6,,big
53.0655939367796,-31.4790841697569,-0.535412496258447,5,61.7,,big
53.1515997616367,-31.5301037551203,-0.535412496258447,5,61.8,,big
53.2376055864937,-31.5811233404836,-0.535412496258447,5,61.9,,big
53.3236114113508,-31.632142925847,-0.535412496258447,5,62,,big
53.4096172362079,-31.6831625112104,-0.535412496258447,5,62.1,,big
53.495623061065,-31.7341820965738,-0.535412496258447,5,62.2,,big
53.5816288859221,-31.7852016819372,-0.535412496258447,5,62.3,,big
53.6676347107792,-31.8362212673006,-0.535412496258447,5,62.4,,big
53.7536405356362,-31.887240852664,-0.535412496258447,5,62.5,,big
53.8396463604933,-31.9382604380274,-0.535412496258447,5,62.6,,big
53.9256521853504,-31.9892800233908,-0.535412496258447,5,62.7,,big
54.0116580102075,-32.0402996087542,-0.535412496258447,5,62.8,,big
54.0976638350646,-32.0913191941176,-0.535412496258447,5,62.9,,big
54.1836696599217,-32.142338779481,-0.535412496258447,5,63,,big
54.2696754847787,-32.1933583648444,-0.535412496258447,5,63.1,,big
54.3556813096358,-32.2443779502078,-0.535412496258447,5,63.2,,big
54.4416871344929,-32.2953975355712,-0.535412496258447,5,63.3,,big
54.52769295935,-32.3464171209346,-0.535412496258447,5,63.4,,big
54.6136987842071,-32.3974367062979,-0.535412496258447,5,63.5,,big
54.6997046090642,-32.4484562916613,-0.535412496258447,5,63.6,,big
54.7857104339212,-32.4994758770247,-0.535412496258447,5,63.7,,big
54.8717162587783,-32.5504954623881,-0.535412496258447,5,63.8,,big
54.9577220836354,-32.6015150477515,-0.535412496258447,5,63.9,,big
55.0437279084925,-32.6525346331149,-0.535412496258447,5,64,,big
55.1297337333496,-32.7035542184783,-0.535412496258447,5,64.1,,big
55.2157395582067,-32.7545738038417,-0.535412496258447,5,64.2,,big
55.3017453830637,-32.8055933892051,-0.535412496258447,5,64.3,,big
55.3877512079208,-32.8566129745685,-0.535412496258447,5,64.4,,big
55.4737570327779,-32.9076325599319,-0.535412496258447,5,64.5,,big
55.559762857635,-32.9586521452953,-0.535412496258447,5,64.6,,big
55.6457686824921,-33.0096717306587,-0.535412496258447,5,64.7,,big
55.7317745073492,-33.0606913160221,-0.535412496258447,5,64.8,,big
55.8177803322063,-33.1117109013855,-0.535412496258447,5,64.9,,big
