-4.12E-11,-5.43E-10,-0.535412496,10,0,,
0.086005825,-0.051019586,-0.535412496,10,0.1,,
0.17201165,-0.102039171,-0.535412496,10,0.2,,
0.258017475,-0.153058757,-0.535412496,10,0.3,,
0.344023299,-0.204078342,-0.535412496,10,0.4,,
0.430029124,-0.255097927,-0.535412496,10,0.5,,
0.516034949,-0.306117513,-0.535412496,10,0.6,,
0.602040774,-0.357137098,-0.535412496,10,0.7,,
0.688046599,-0.408156683,-0.535412496,10,0.8,,
0.774052424,-0.459176269,-0.535412496,10,0.9,,
0.860058249,-0.510195854,-0.535412496,10,1,,
0.946064073,-0.56121544,-0.535412496,10,1.1,,
1.032069898,-0.612235025,-0.535412496,10,1.2,,
1.118075723,-0.66325461,-0.535412496,10,1.3,,
1.204081548,-0.714274196,-0.535412496,10,1.4,,
1.290087373,-0.765293781,-0.535412496,10,1.5,,
1.376093198,-0.816313366,-0.535412496,10,1.6,,
1.462099023,-0.867332952,-0.535412496,10,1.7,,
1.548104847,-0.918352537,-0.535412496,10,1.8,,
1.634110672,-0.969372122,-0.535412496,10,1.9,,
1.720116497,-1.020391708,-0.535412496,10,2,,
1.806122322,-1.071411293,-0.535412496,10,2.1,,
1.892128147,-1.122430879,-0.535412496,10,2.2,,
1.978133972,-1.173450464,-0.535412496,10,2.3,,
2.064139797,-1.224470049,-0.535412496,10,2.4,,
2.150145621,-1.275489635,-0.535412496,10,2.5,,
2.236151446,-1.32650922,-0.535412496,10,2.6,,
2.322157271,-1.377528805,-0.535412496,10,2.7,,
2.408163096,-1.428548391,-0.535412496,10,2.8,,
2.494168921,-1.479567976,-0.535412496,10,2.9,,
2.580174746,-1.530587561,-0.535412496,10,3,,
2.666180571,-1.581607147,-0.535412496,10,3.1,,
2.752186395,-1.632626732,-0.535412496,10,3.2,,
2.83819222,-1.683646318,-0.535412496,10,3.3,,
2.924198045,-1.734665903,-0.535412496,10,3.4,,
3.01020387,-1.785685488,-0.535412496,10,3.5,,
3.096209695,-1.836705074,-0.535412496,10,3.6,,
3.18221552,-1.887724659,-0.535412496,10,3.7,,
3.268221345,-1.938744244,-0.535412496,10,3.8,,
3.354227169,-1.98976383,-0.535412496,10,3.9,,
3.440232994,-2.040783415,-0.535412496,10,4,,
3.526238819,-2.091803,-0.535412496,10,4.1,,
3.612244644,-2.142822586,-0.535412496,10,4.2,,
3.698250469,-2.193842171,-0.535412496,10,4.3,,
3.784256294,-2.244861757,-0.535412496,10,4.4,,
3.870262119,-2.295881342,-0.535412496,10,4.5,,
3.956267943,-2.346900927,-0.535412496,10,4.6,,
4.042273768,-2.397920513,-0.535412496,10,4.7,,
4.128279593,-2.448940098,-0.535412496,10,4.8,,
4.214285418,-2.499959683,-0.535412496,10,4.9,,
4.300291243,-2.550979269,-0.535412496,10,5,,
4.386297068,-2.601998854,-0.535412496,10,5.1,,
4.472302893,-2.653018439,-0.535412496,10,5.2,,
4.558308717,-2.704038025,-0.535412496,10,5.3,,
4.644314542,-2.75505761,-0.535412496,10,5.4,,
4.730320367,-2.806077196,-0.535412496,10,5.5,,
4.816326192,-2.857096781,-0.535412496,10,5.6,,
4.902332017,-2.908116366,-0.535412496,10,5.7,,
4.988337842,-2.959135952,-0.535412496,10,5.8,,
5.074343667,-3.010155537,-0.535412496,10,5.9,,
5.160349491,-3.061175122,-0.535412496,10,6,,
5.246355316,-3.112194708,-0.535412496,10,6.1,,
5.332361141,-3.163214293,-0.535412496,10,6.2,,
5.418366966,-3.214233878,-0.535412496,10,6.3,,
5.504372791,-3.265253464,-0.535412496,10,6.4,,
5.590378616,-3.316273049,-0.535412496,10,6.5,,
5.676384441,-3.367292635,-0.535412496,10,6.6,,
5.762390265,-3.41831222,-0.535412496,10,6.7,,
5.84839609,-3.469331805,-0.535412496,10,6.8,,
5.934401915,-3.520351391,-0.535412496,10,6.9,,
6.02040774,-3.571370976,-0.535412496,10,7,,
6.106413565,-3.622390561,-0.535412496,10,7.1,,
6.19241939,-3.673410147,-0.535412496,10,7.2,,
6.278425215,-3.724429732,-0.535412496,10,7.3,,
6.364431039,-3.775449317,-0.535412496,10,7.4,,
6.450436864,-3.826468903,-0.535412496,10,7.5,,
6.536442689,-3.877488488,-0.535412496,10,7.6,,
6.622448514,-3.928508074,-0.535412496,10,7.7,,
6.708454339,-3.979527659,-0.535412496,10,7.8,,
6.794460164,-4.030547244,-0.535412496,10,7.9,,
6.880465989,-4.08156683,-0.535412496,10,8,,
6.966471813,-4.132586415,-0.535412496,10,8.1,,
7.052477638,-4.183606,-0.535412496,10,8.2,,
7.138483463,-4.234625586,-0.535412496,10,8.3,,
7.224489288,-4.285645171,-0.535412496,10,8.4,,
7.310495113,-4.336664756,-0.535412496,10,8.5,,
7.396500938,-4.387684342,-0.535412496,10,8.6,,
7.482506763,-4.438703927,-0.535412496,10,8.7,,
7.568512587,-4.489723513,-0.535412496,10,8.8,,
7.654518412,-4.540743098,-0.535412496,10,8.9,,
7.740524237,-4.591762683,-0.535412496,10,9,,
7.826530062,-4.642782269,-0.535412496,10,9.1,,
7.912535887,-4.693801854,-0.535412496,10,9.2,,
7.998541712,-4.744821439,-0.535412496,10,9.3,,
8.084547537,-4.795841025,-0.535412496,10,9.4,,
8.170553361,-4.84686061,-0.535412496,10,9.5,,
8.256559186,-4.897880195,-0.535412496,10,9.6,,
8.342565011,-4.948899781,-0.535412496,10,9.7,,
8.428570836,-4.999919366,-0.535412496,10,9.8,,
8.514576661,-5.050938952,-0.535412496,10,9.9,,
8.600582486,-5.101958537,-0.535412496,10,10,,
8.686588311,-5.152978122,-0.535412496,10,10.1,,
8.772594135,-5.203997708,-0.535412496,10,10.2,,
8.85859996,-5.255017293,-0.535412496,10,10.3,,
8.944605785,-5.306036878,-0.535412496,10,10.4,,
9.03061161,-5.357056464,-0.535412496,10,10.5,,
9.116617435,-5.408076049,-0.535412496,10,10.6,,
9.20262326,-5.459095634,-0.535412496,10,10.7,,
9.288629085,-5.51011522,-0.535412496,10,10.8,,
9.374634909,-5.561134805,-0.535412496,10,10.9,,
9.460640734,-5.612154391,-0.535412496,10,11,,
9.546646559,-5.663173976,-0.535412496,10,11.1,,
9.632652384,-5.714193561,-0.535412496,10,11.2,,
9.718658209,-5.765213147,-0.535412496,10,11.3,,
9.804664034,-5.816232732,-0.535412496,10,11.4,,
9.890669859,-5.867252317,-0.535412496,10,11.5,,
9.976675683,-5.918271903,-0.535412496,10,11.6,,
10.06268151,-5.969291488,-0.535412496,10,11.7,,
10.14868733,-6.020311073,-0.535412496,10,11.8,,
10.23469316,-6.071330659,-0.535412496,10,11.9,,
10.32069898,-6.122350244,-0.535412496,10,12,,
10.40670481,-6.17336983,-0.535412496,10,12.1,,
10.49271063,-6.224389415,-0.535412496,10,12.2,,
10.57871646,-6.275409,-0.535412496,10,12.3,,
10.66472228,-6.326428586,-0.535412496,10,12.4,,
10.75072811,-6.377448171,-0.535412496,10,12.5,,
10.83673393,-6.428467756,-0.535412496,10,12.6,,
10.92273976,-6.479487342,-0.535412496,10,12.7,,
11.00874558,-6.530506927,-0.535412496,10,12.8,,
11.09475141,-6.581526512,-0.535412496,10,12.9,,
11.18075723,-6.632546098,-0.535412496,10,13,,
11.26676306,-6.683565683,-0.535412496,10,13.1,,
11.35276888,-6.734585269,-0.535412496,10,13.2,,
11.43877471,-6.785604854,-0.535412496,10,13.3,,
11.52478053,-6.836624439,-0.535412496,10,13.4,,
11.61078636,-6.887644025,-0.535412496,10,13.5,,
11.69679218,-6.93866361,-0.535412496,10,13.6,,
11.78279801,-6.989683195,-0.535412496,10,13.7,,
11.86880383,-7.040702781,-0.535412496,10,13.8,,
11.95480966,-7.091722366,-0.535412496,10,13.9,,
12.04081548,-7.142741951,-0.535412496,10,14,,
12.1268213,-7.193761537,-0.535412496,10,14.1,,
12.21282713,-7.244781122,-0.535412496,10,14.2,,
12.29883295,-7.295800708,-0.535412496,10,14.3,,
12.38483878,-7.346820293,-0.535412496,10,14.4,,
12.4708446,-7.397839878,-0.535412496,10,14.5,,
12.55685043,-7.448859464,-0.535412496,10,14.6,,
12.64285625,-7.499879049,-0.535412496,10,14.7,,
12.72886208,-7.550898634,-0.535412496,10,14.8,,
12.8148679,-7.60191822,-0.535412496,10,14.9,,
12.90087373,-7.652937805,-0.535412496,10,15,,
12.98687955,-7.70395739,-0.535412496,10,15.1,,
13.07288538,-7.754976976,-0.535412496,10,15.2,,
13.1588912,-7.805996561,-0.535412496,10,15.3,,
13.24489703,-7.857016147,-0.535412496,10,15.4,,
13.33090285,-7.908035732,-0.535412496,10,15.5,,
13.41690868,-7.959055317,-0.535412496,10,15.6,,
13.5029145,-8.010074903,-0.535412496,10,15.7,,
13.58892033,-8.061094488,-0.535412496,10,15.8,,
13.67492615,-8.112114073,-0.535412496,10,15.9,,
13.76093198,-8.163133659,-0.535412496,10,16,,
13.8469378,-8.214153244,-0.535412496,10,16.1,,
13.93294363,-8.265172829,-0.535412496,10,16.2,,
14.01894945,-8.316192415,-0.535412496,10,16.3,,
14.10495528,-8.367212,-0.535412496,10,16.4,,
14.1909611,-8.418231586,-0.535412496,10,16.5,,
14.27696693,-8.469251171,-0.535412496,10,16.6,,
14.36297275,-8.520270756,-0.535412496,10,16.7,,
14.44897858,-8.571290342,-0.535412496,10,16.8,,
14.5349844,-8.622309927,-0.535412496,10,16.9,,
14.62099023,-8.673329512,-0.535412496,10,17,,
14.70699605,-8.724349098,-0.535412496,10,17.1,,
14.79300188,-8.775368683,-0.535412496,10,17.2,,
14.8790077,-8.826388268,-0.535412496,10,17.3,,
14.96501353,-8.877407854,-0.535412496,10,17.4,,
15.05101935,-8.928427439,-0.535412496,10,17.5,,
15.13702517,-8.979447025,-0.535412496,10,17.6,,
15.223031,-9.03046661,-0.535412496,10,17.7,,
15.30903682,-9.081486195,-0.535412496,10,17.8,,
15.39504265,-9.132505781,-0.535412496,10,17.9,,
15.48104847,-9.183525366,-0.535412496,10,18,,
15.5670543,-9.234544951,-0.535412496,10,18.1,,
15.65306012,-9.285564537,-0.535412496,10,18.2,,
15.73906595,-9.336584122,-0.535412496,10,18.3,,
15.82507177,-9.387603707,-0.535412496,10,18.4,,
15.9110776,-9.438623293,-0.535412496,10,18.5,,
15.99708342,-9.489642878,-0.535412496,10,18.6,,
16.08308925,-9.540662463,-0.535412496,10,18.7,,
16.16909507,-9.591682049,-0.535412496,10,18.8,,
16.2551009,-9.642701634,-0.535412496,10,18.9,,
16.34110672,-9.69372122,-0.535412496,10,19,,
16.42711255,-9.744740805,-0.535412496,10,19.1,,
16.51311837,-9.79576039,-0.535412496,10,19.2,,
16.5991242,-9.846779976,-0.535412496,10,19.3,,
16.68513002,-9.897799561,-0.535412496,10,19.4,,
16.77113585,-9.948819146,-0.535412496,10,19.5,,
16.85714167,-9.999838732,-0.535412496,10,19.6,,
16.9431475,-10.05085832,-0.535412496,10,19.7,,
17.02915332,-10.1018779,-0.535412496,10,19.8,,
17.11515915,-10.15289749,-0.535412496,10,19.9,,
17.20116497,-10.20391707,-0.535412496,10,20,,
17.2871708,-10.25493666,-0.535412496,10,20.1,,
17.37317662,-10.30595624,-0.535412496,10,20.2,,
17.45918245,-10.35697583,-0.535412496,10,20.3,,
17.54518827,-10.40799541,-0.535412496,10,20.4,,
17.6311941,-10.459015,-0.535412496,10,20.5,,
17.71719992,-10.51003459,-0.535412496,10,20.6,,
17.80320575,-10.56105417,-0.535412496,10,20.7,,
17.88921157,-10.61207376,-0.535412496,10,20.8,,
17.9752174,-10.66309334,-0.535412496,10,20.9,,
18.06122322,-10.71411293,-0.535412496,10,21,,
18.14722904,-10.76513251,-0.535412496,10,21.1,,
18.23323487,-10.8161521,-0.535412496,10,21.2,,
18.31924069,-10.86717168,-0.535412496,10,21.3,,
18.40524652,-10.91819127,-0.535412496,10,21.4,,
18.49125234,-10.96921085,-0.535412496,10,21.5,,
18.57725817,-11.02023044,-0.535412496,10,21.6,,
18.66326399,-11.07125002,-0.535412496,10,21.7,,
18.74926982,-11.12226961,-0.535412496,10,21.8,,
18.83527564,-11.1732892,-0.535412496,10,21.9,,
18.92128147,-11.22430878,-0.535412496,10,22,,
19.00728729,-11.27532837,-0.535412496,10,22.1,,
19.09329312,-11.32634795,-0.535412496,10,22.2,,
19.17929894,-11.37736754,-0.535412496,10,22.3,,
19.26530477,-11.42838712,-0.535412496,10,22.4,,
19.35131059,-11.47940671,-0.535412496,10,22.5,,
19.43731642,-11.53042629,-0.535412496,10,22.6,,
19.52332224,-11.58144588,-0.535412496,10,22.7,,
19.60932807,-11.63246546,-0.535412496,10,22.8,,
19.69533389,-11.68348505,-0.535412496,10,22.9,,
19.78133972,-11.73450463,-0.535412496,10,23,,
19.86734554,-11.78552422,-0.535412496,10,23.1,,
19.95335137,-11.8365438,-0.535412496,10,23.2,,
20.03935719,-11.88756339,-0.535412496,10,23.3,,
20.12536302,-11.93858298,-0.535412496,10,23.4,,
20.21136884,-11.98960256,-0.535412496,10,23.5,,
20.29737467,-12.04062215,-0.535412496,10,23.6,,
20.38338049,-12.09164173,-0.535412496,10,23.7,,
20.46938632,-12.14266132,-0.535412496,10,23.8,,
20.55539214,-12.1936809,-0.535412496,10,23.9,,
20.64139797,-12.24470049,-0.535412496,10,24,,
20.72740379,-12.29572007,-0.535412496,10,24.1,,
20.81340962,-12.34673966,-0.535412496,10,24.2,,
20.89941544,-12.39775924,-0.535412496,10,24.3,,
20.98542127,-12.44877883,-0.535412496,10,24.4,,
21.07142709,-12.49979841,-0.535412496,10,24.5,,
21.15743291,-12.550818,-0.535412496,10,24.6,,
21.24343874,-12.60183759,-0.535412496,10,24.7,,
21.32944456,-12.65285717,-0.535412496,10,24.8,,
21.41545039,-12.70387676,-0.535412496,10,24.9,,
21.50145621,-12.75489634,-0.535412496,10,25,,delivery2
21.58746204,-12.80591593,-0.535412496,10,25.1,,delivery2
21.67346786,-12.85693551,-0.535412496,10,25.2,,delivery2
21.75947369,-12.9079551,-0.535412496,10,25.3,,delivery2
21.84547951,-12.95897468,-0.535412496,10,25.4,,delivery2
21.93148534,-13.00999427,-0.535412496,10,25.5,,delivery2
22.01749116,-13.06101385,-0.535412496,10,25.6,,delivery2
22.10349699,-13.11203344,-0.535412496,10,25.7,,delivery2
22.18950281,-13.16305302,-0.535412496,10,25.8,,delivery2
22.27550864,-13.21407261,-0.535412496,10,25.9,,delivery2
22.36151446,-13.2650922,-0.535412496,10,26,,delivery2
22.44752029,-13.31611178,-0.535412496,10,26.1,,delivery2
22.53352611,-13.36713137,-0.535412496,10,26.2,,delivery2
22.61953194,-13.41815095,-0.535412496,10,26.3,,delivery2
22.70553776,-13.46917054,-0.535412496,10,26.4,,delivery2
22.79154359,-13.52019012,-0.535412496,10,26.5,,delivery2
22.87754941,-13.57120971,-0.535412496,10,26.6,,delivery2
22.96355524,-13.62222929,-0.535412496,10,26.7,,delivery2
23.04956106,-13.67324888,-0.535412496,10,26.8,,delivery2
23.13556689,-13.72426846,-0.535412496,10,26.9,,delivery2
23.22157271,-13.77528805,-0.535412496,10,27,,delivery2
23.30757854,-13.82630763,-0.535412496,10,27.1,,delivery2
23.39358436,-13.87732722,-0.535412496,10,27.2,,delivery2
23.47959019,-13.9283468,-0.535412496,10,27.3,,delivery2
23.56559601,-13.97936639,-0.535412496,10,27.4,,delivery2
23.65160184,-14.03038598,-0.535412496,10,27.5,,delivery2
23.73760766,-14.08140556,-0.535412496,10,27.6,,delivery2
23.82361349,-14.13242515,-0.535412496,10,27.7,,delivery2
23.90961931,-14.18344473,-0.535412496,10,27.8,,delivery2
23.99562514,-14.23446432,-0.535412496,10,27.9,,delivery2
24.08163096,-14.2854839,-0.535412496,10,28,,delivery2
24.16763678,-14.33650349,-0.535412496,10,28.1,,delivery2
24.25364261,-14.38752307,-0.535412496,10,28.2,,delivery2
24.33964843,-14.43854266,-0.535412496,10,28.3,,delivery2
24.42565426,-14.48956224,-0.535412496,10,28.4,,delivery2
24.51166008,-14.54058183,-0.535412496,10,28.5,,delivery2
24.59766591,-14.59160141,-0.535412496,10,28.6,,delivery2
24.68367173,-14.642621,-0.535412496,10,28.7,,delivery2
24.76967756,-14.69364059,-0.535412496,10,28.8,,delivery2
24.85568338,-14.74466017,-0.535412496,10,28.9,,delivery2
24.94168921,-14.79567976,-0.535412496,10,29,,delivery2
25.02769503,-14.84669934,-0.535412496,10,29.1,,delivery2
25.11370086,-14.89771893,-0.535412496,10,29.2,,delivery2
25.19970668,-14.94873851,-0.535412496,10,29.3,,delivery2
25.28571251,-14.9997581,-0.535412496,10,29.4,,delivery2
25.37171833,-15.05077768,-0.535412496,10,29.5,,delivery2
25.45772416,-15.10179727,-0.535412496,10,29.6,,delivery2
25.54372998,-15.15281685,-0.535412496,10,29.7,,delivery2
25.62973581,-15.20383644,-0.535412496,10,29.8,,delivery2
25.71574163,-15.25485602,-0.535412496,10,29.9,,delivery2
25.80174746,-15.30587561,-0.535412496,10,30,,delivery2
25.88775328,-15.35689519,-0.535412496,10,30.1,,delivery2
25.97375911,-15.40791478,-0.535412496,10,30.2,,delivery2
26.05976493,-15.45893437,-0.535412496,10,30.3,,delivery2
26.14577076,-15.50995395,-0.535412496,10,30.4,,delivery2
26.23177658,-15.56097354,-0.535412496,10,30.5,,delivery2
26.31778241,-15.61199312,-0.535412496,10,30.6,,delivery2
26.40378823,-15.66301271,-0.535412496,10,30.7,,delivery2
26.48979406,-15.71403229,-0.535412496,10,30.8,,delivery2
26.57579988,-15.76505188,-0.535412496,10,30.9,,delivery2
26.66180571,-15.81607146,-0.535412496,10,31,,delivery2
26.74781153,-15.86709105,-0.535412496,10,31.1,,delivery2
26.83381736,-15.91811063,-0.535412496,10,31.2,,delivery2
26.91982318,-15.96913022,-0.535412496,10,31.3,,delivery2
27.00582901,-16.0201498,-0.535412496,10,31.4,,delivery2
27.09183483,-16.07116939,-0.535412496,10,31.5,,delivery2
27.17784065,-16.12218898,-0.535412496,10,31.6,,delivery2
27.26384648,-16.17320856,-0.535412496,10,31.7,,delivery2
27.3498523,-16.22422815,-0.535412496,10,31.8,,delivery2
27.43585813,-16.27524773,-0.535412496,10,31.9,,delivery2
27.52186395,-16.32626732,-0.535412496,10,32,,delivery2
27.60786978,-16.3772869,-0.535412496,10,32.1,,delivery2
27.6938756,-16.42830649,-0.535412496,10,32.2,,delivery2
27.77988143,-16.47932607,-0.535412496,10,32.3,,delivery2
27.86588725,-16.53034566,-0.535412496,10,32.4,,delivery2
27.95189308,-16.58136524,-0.535412496,10,32.5,,delivery2
28.0378989,-16.63238483,-0.535412496,10,32.6,,delivery2
28.12390473,-16.68340441,-0.535412496,10,32.7,,delivery2
28.20991055,-16.734424,-0.535412496,10,32.8,,delivery2
28.29591638,-16.78544359,-0.535412496,10,32.9,,delivery2
28.3819222,-16.83646317,-0.535412496,10,33,,delivery2
28.46792803,-16.88748276,-0.535412496,10,33.1,,delivery2
28.55393385,-16.93850234,-0.535412496,10,33.2,,delivery2
28.63993968,-16.98952193,-0.535412496,10,33.3,,delivery2
28.7259455,-17.04054151,-0.535412496,10,33.4,,delivery2
28.81195133,-17.0915611,-0.535412496,10,33.5,,delivery2
28.89795715,-17.14258068,-0.535412496,10,33.6,,delivery2
28.98396298,-17.19360027,-0.535412496,10,33.7,,delivery2
29.0699688,-17.24461985,-0.535412496,10,33.8,,delivery2
29.15597463,-17.29563944,-0.535412496,10,33.9,,delivery2
29.24198045,-17.34665902,-0.535412496,10,34,,delivery2
29.32798628,-17.39767861,-0.535412496,10,34.1,,delivery2
29.4139921,-17.44869819,-0.535412496,10,34.2,,delivery2
29.49999793,-17.49971778,-0.535412496,10,34.3,,delivery2
29.58600375,-17.55073737,-0.535412496,10,34.4,,delivery2
29.67200958,-17.60175695,-0.535412496,10,34.5,,delivery2
29.7580154,-17.65277654,-0.535412496,10,34.6,,delivery2
29.84402123,-17.70379612,-0.535412496,10,34.7,,delivery2
29.93002705,-17.75481571,-0.535412496,10,34.8,,delivery2
30.01603288,-17.80583529,-0.535412496,10,34.9,,delivery2
30.1020387,-17.85685488,-0.535412496,10,35,,delivery2
30.18804452,-17.90787446,-0.535412496,10,35.1,,delivery2
30.27405035,-17.95889405,-0.535412496,10,35.2,,delivery2
30.36005617,-18.00991363,-0.535412496,10,35.3,,delivery2
30.446062,-18.06093322,-0.535412496,10,35.4,,delivery2
30.53206782,-18.1119528,-0.535412496,10,35.5,,delivery2
30.61807365,-18.16297239,-0.535412496,10,35.6,,delivery2
30.70407947,-18.21399198,-0.535412496,10,35.7,,delivery2
30.7900853,-18.26501156,-0.535412496,10,35.8,,delivery2
30.87609112,-18.31603115,-0.535412496,10,35.9,,delivery2
30.96209695,-18.36705073,-0.535412496,10,36,,delivery2
31.04810277,-18.41807032,-0.535412496,10,36.1,,delivery2
31.1341086,-18.4690899,-0.535412496,10,36.2,,delivery2
31.22011442,-18.52010949,-0.535412496,10,36.3,,delivery2
31.30612025,-18.57112907,-0.535412496,10,36.4,,delivery2
31.39212607,-18.62214866,-0.535412496,10,36.5,,delivery2
31.4781319,-18.67316824,-0.535412496,10,36.6,,delivery2
31.56413772,-18.72418783,-0.535412496,10,36.7,,delivery2
31.65014355,-18.77520741,-0.535412496,10,36.8,,delivery2
31.73614937,-18.826227,-0.535412496,10,36.9,,delivery2
31.8221552,-18.87724658,-0.535412496,10,37,,delivery2
31.90816102,-18.92826617,-0.535412496,10,37.1,,delivery2
31.99416685,-18.97928576,-0.535412496,10,37.2,,delivery2
32.08017267,-19.03030534,-0.535412496,10,37.3,,delivery2
32.1661785,-19.08132493,-0.535412496,10,37.4,,delivery2
32.25218432,-19.13234451,-0.535412496,10,37.5,,delivery2
32.33819015,-19.1833641,-0.535412496,10,37.6,,delivery2
32.42419597,-19.23438368,-0.535412496,10,37.7,,delivery2
32.5102018,-19.28540327,-0.535412496,10,37.8,,delivery2
32.59620762,-19.33642285,-0.535412496,10,37.9,,delivery2
32.68221345,-19.38744244,-0.535412496,10,38,,delivery2
32.76821927,-19.43846202,-0.535412496,10,38.1,,delivery2
32.8542251,-19.48948161,-0.535412496,10,38.2,,delivery2
32.94023092,-19.54050119,-0.535412496,10,38.3,,delivery2
33.02623675,-19.59152078,-0.535412496,10,38.4,,delivery2
33.11224257,-19.64254037,-0.535412496,10,38.5,,delivery2
33.19824839,-19.69355995,-0.535412496,10,38.6,,delivery2
33.28425422,-19.74457954,-0.535412496,10,38.7,,delivery2
33.37026004,-19.79559912,-0.535412496,10,38.8,,delivery2
33.45626587,-19.84661871,-0.535412496,10,38.9,,delivery2
33.54227169,-19.89763829,-0.535412496,10,39,,delivery2
33.62827752,-19.94865788,-0.535412496,10,39.1,,delivery2
33.71428334,-19.99967746,-0.535412496,10,39.2,,delivery2
33.80028917,-20.05069705,-0.535412496,10,39.3,,delivery2
33.88629499,-20.10171663,-0.535412496,10,39.4,,delivery2
33.97230082,-20.15273622,-0.535412496,10,39.5,,delivery2
34.05830664,-20.2037558,-0.535412496,10,39.6,,delivery2
34.14431247,-20.25477539,-0.535412496,10,39.7,,delivery2
34.23031829,-20.30579498,-0.535412496,10,39.8,,delivery2
34.31632412,-20.35681456,-0.535412496,10,39.9,,delivery2
34.40232994,-20.40783415,-0.535412496,10,40,,delivery2
34.48833577,-20.45885373,-0.535412496,10,40.1,,delivery2
34.57434159,-20.50987332,-0.535412496,10,40.2,,delivery2
34.66034742,-20.5608929,-0.535412496,10,40.3,,delivery2
34.74635324,-20.61191249,-0.535412496,10,40.4,,delivery2
34.83235907,-20.66293207,-0.535412496,10,40.5,,delivery2
34.91836489,-20.71395166,-0.535412496,10,40.6,,delivery2
35.00437072,-20.76497124,-0.535412496,10,40.7,,delivery2
35.09037654,-20.81599083,-0.535412496,10,40.8,,delivery2
35.17638237,-20.86701041,-0.535412496,10,40.9,,delivery2
35.26238819,-20.91803,-0.535412496,10,41,,delivery2
35.34839402,-20.96904958,-0.535412496,10,41.1,,delivery2
35.43439984,-21.02006917,-0.535412496,10,41.2,,delivery2
35.52040567,-21.07108876,-0.535412496,10,41.3,,delivery2
35.60641149,-21.12210834,-0.535412496,10,41.4,,delivery2
35.69241732,-21.17312793,-0.535412496,10,41.5,,delivery2
35.77842314,-21.22414751,-0.535412496,10,41.6,,delivery2
35.86442897,-21.2751671,-0.535412496,10,41.7,,delivery2
35.95043479,-21.32618668,-0.535412496,10,41.8,,delivery2
36.03644062,-21.37720627,-0.535412496,10,41.9,,delivery2
36.12244644,-21.42822585,-0.535412496,10,42,,delivery2
36.20845226,-21.47924544,-0.535412496,10,42.1,,delivery2
36.29445809,-21.53026502,-0.535412496,10,42.2,,delivery2
36.38046391,-21.58128461,-0.535412496,10,42.3,,delivery2
36.46646974,-21.63230419,-0.535412496,10,42.4,,delivery2
36.55247556,-21.68332378,-0.535412496,10,42.5,,delivery2
36.63848139,-21.73434337,-0.535412496,10,42.6,,delivery2
36.72448721,-21.78536295,-0.535412496,10,42.7,,delivery2
36.81049304,-21.83638254,-0.535412496,10,42.8,,delivery2
36.89649886,-21.88740212,-0.535412496,10,42.9,,delivery2
36.98250469,-21.93842171,-0.535412496,10,43,,delivery2
37.06851051,-21.98944129,-0.535412496,10,43.1,,delivery2
37.15451634,-22.04046088,-0.535412496,10,43.2,,delivery2
37.24052216,-22.09148046,-0.535412496,10,43.3,,delivery2
37.32652799,-22.14250005,-0.535412496,10,43.4,,delivery2
37.41253381,-22.19351963,-0.535412496,10,43.5,,delivery2
37.49853964,-22.24453922,-0.535412496,10,43.6,,delivery2
37.58454546,-22.2955588,-0.535412496,10,43.7,,delivery2
37.67055129,-22.34657839,-0.535412496,10,43.8,,delivery2
37.75655711,-22.39759798,-0.535412496,10,43.9,,delivery2
37.84256294,-22.44861756,-0.535412496,10,44,,delivery2
37.92856876,-22.49963715,-0.535412496,10,44.1,,delivery2
38.01457459,-22.55065673,-0.535412496,10,44.2,,delivery2
38.10058041,-22.60167632,-0.535412496,10,44.3,,delivery2
38.18658624,-22.6526959,-0.535412496,10,44.4,,delivery2
38.27259206,-22.70371549,-0.535412496,10,44.5,,delivery2
38.35859789,-22.75473507,-0.535412496,10,44.6,,delivery2
38.44460371,-22.80575466,-0.535412496,10,44.7,,delivery2
38.53060954,-22.85677424,-0.535412496,10,44.8,,delivery2
38.61661536,-22.90779383,-0.535412496,10,44.9,,delivery2
38.70262119,-22.95881341,-0.535412496,10,45,,delivery2
38.78862701,-23.009833,-0.535412496,10,45.1,,delivery2
38.87463284,-23.06085258,-0.535412496,10,45.2,,delivery2
38.96063866,-23.11187217,-0.535412496,10,45.3,,delivery2
39.04664449,-23.16289176,-0.535412496,10,45.4,,delivery2
39.13265031,-23.21391134,-0.535412496,10,45.5,,delivery2
39.21865613,-23.26493093,-0.535412496,10,45.6,,delivery2
39.30466196,-23.31595051,-0.535412496,10,45.7,,delivery2
39.39066778,-23.3669701,-0.535412496,10,45.8,,delivery2
39.47667361,-23.41798968,-0.535412496,10,45.9,,delivery2
39.56267943,-23.46900927,-0.535412496,10,46,,delivery2
39.64868526,-23.52002885,-0.535412496,10,46.1,,delivery2
39.73469108,-23.57104844,-0.535412496,10,46.2,,delivery2
39.82069691,-23.62206802,-0.535412496,10,46.3,,delivery2
39.90670273,-23.67308761,-0.535412496,10,46.4,,delivery2
39.99270856,-23.72410719,-0.535412496,10,46.5,,delivery2
40.07871438,-23.77512678,-0.535412496,10,46.6,,delivery2
40.16472021,-23.82614637,-0.535412496,10,46.7,,delivery2
40.25072603,-23.87716595,-0.535412496,10,46.8,,delivery2
40.33673186,-23.92818554,-0.535412496,10,46.9,,delivery2
40.42273768,-23.97920512,-0.535412496,10,47,,delivery2
40.50874351,-24.03022471,-0.535412496,10,47.1,,delivery2
40.59474933,-24.08124429,-0.535412496,10,47.2,,delivery2
40.68075516,-24.13226388,-0.535412496,10,47.3,,delivery2
40.76676098,-24.18328346,-0.535412496,10,47.4,,delivery2
40.85276681,-24.23430305,-0.535412496,10,47.5,,delivery2
40.93877263,-24.28532263,-0.535412496,10,47.6,,delivery2
41.02477846,-24.33634222,-0.535412496,10,47.7,,delivery2
41.11078428,-24.3873618,-0.535412496,10,47.8,,delivery2
41.19679011,-24.43838139,-0.535412496,10,47.9,,delivery2
41.28279593,-24.48940097,-0.535412496,10,48,,delivery2
41.36880176,-24.54042056,-0.535412496,10,48.1,,delivery2
41.45480758,-24.59144015,-0.535412496,10,48.2,,delivery2
41.54081341,-24.64245973,-0.535412496,10,48.3,,delivery2
41.62681923,-24.69347932,-0.535412496,10,48.4,,delivery2
41.71282506,-24.7444989,-0.535412496,10,48.5,,delivery2
41.79883088,-24.79551849,-0.535412496,10,48.6,,delivery2
41.88483671,-24.84653807,-0.535412496,10,48.7,,delivery2
41.97084253,-24.89755766,-0.535412496,10,48.8,,delivery2
42.05684836,-24.94857724,-0.535412496,10,48.9,,delivery2
42.14285418,-24.99959683,-0.535412496,10,49,,delivery2
42.22886,-25.05061641,-0.535412496,10,49.1,,delivery2
42.31486583,-25.101636,-0.535412496,10,49.2,,delivery2
42.40087165,-25.15265558,-0.535412496,10,49.3,,delivery2
42.48687748,-25.20367517,-0.535412496,10,49.4,,delivery2
42.5728833,-25.25469476,-0.535412496,10,49.5,,delivery2
42.65888913,-25.30571434,-0.535412496,10,49.6,,delivery2
42.74489495,-25.35673393,-0.535412496,10,49.7,,delivery2
42.83090078,-25.40775351,-0.535412496,10,49.8,,delivery2
42.9169066,-25.4587731,-0.535412496,10,49.9,,delivery2
43.00291243,-25.50979268,-0.535412496,10,50,,delivery2
43.08891825,-25.56081227,-0.535412496,10,50.1,,delivery2
43.17492408,-25.61183185,-0.535412496,10,50.2,,delivery2
43.2609299,-25.66285144,-0.535412496,10,50.3,,delivery2
43.34693573,-25.71387102,-0.535412496,10,50.4,,delivery2
43.43294155,-25.76489061,-0.535412496,10,50.5,,delivery2
43.51894738,-25.81591019,-0.535412496,10,50.6,,delivery2
43.6049532,-25.86692978,-0.535412496,10,50.7,,delivery2
43.69095903,-25.91794937,-0.535412496,10,50.8,,delivery2
43.77696485,-25.96896895,-0.535412496,10,50.9,,delivery2
43.86297068,-26.01998854,-0.535412496,10,51,,delivery2
43.9489765,-26.07100812,-0.535412496,10,51.1,,delivery2
44.03498233,-26.12202771,-0.535412496,10,51.2,,delivery2
44.12098815,-26.17304729,-0.535412496,10,51.3,,delivery2
44.20699398,-26.22406688,-0.535412496,10,51.4,,delivery2
44.2929998,-26.27508646,-0.535412496,10,51.5,,delivery2
44.37900563,-26.32610605,-0.535412496,10,51.6,,delivery2
44.46501145,-26.37712563,-0.535412496,10,51.7,,delivery2
44.55101728,-26.42814522,-0.535412496,10,51.8,,delivery2
44.6370231,-26.4791648,-0.535412496,10,51.9,,delivery2
44.72302893,-26.53018439,-0.535412496,10,52,,delivery2
44.80903475,-26.58120397,-0.535412496,10,52.1,,delivery2
44.89504058,-26.63222356,-0.535412496,10,52.2,,delivery2
44.9810464,-26.68324315,-0.535412496,10,52.3,,delivery2
45.06705223,-26.73426273,-0.535412496,10,52.4,,delivery2
45.15305805,-26.78528232,-0.535412496,10,52.5,,delivery2
45.23906387,-26.8363019,-0.535412496,10,52.6,,delivery2
45.3250697,-26.88732149,-0.535412496,10,52.7,,delivery2
45.41107552,-26.93834107,-0.535412496,10,52.8,,delivery2
45.49708135,-26.98936066,-0.535412496,10,52.9,,delivery2
45.58308717,-27.04038024,-0.535412496,10,53,,delivery2
45.669093,-27.09139983,-0.535412496,10,53.1,,delivery2
45.75509882,-27.14241941,-0.535412496,10,53.2,,delivery2
45.84110465,-27.193439,-0.535412496,10,53.3,,delivery2
45.92711047,-27.24445858,-0.535412496,10,53.4,,delivery2
46.0131163,-27.29547817,-0.535412496,10,53.5,,delivery2
46.09912212,-27.34649776,-0.535412496,10,53.6,,delivery2
46.18512795,-27.39751734,-0.535412496,10,53.7,,delivery2
46.27113377,-27.44853693,-0.535412496,10,53.8,,delivery2
46.3571396,-27.49955651,-0.535412496,10,53.9,,delivery2
46.44314542,-27.5505761,-0.535412496,10,54,,delivery2
46.52915125,-27.60159568,-0.535412496,10,54.1,,delivery2
46.61515707,-27.65261527,-0.535412496,10,54.2,,delivery2
46.7011629,-27.70363485,-0.535412496,10,54.3,,delivery2
46.78716872,-27.75465444,-0.535412496,10,54.4,,delivery2
46.87317455,-27.80567402,-0.535412496,10,54.5,,delivery2
46.95918037,-27.85669361,-0.535412496,10,54.6,,delivery2
47.0451862,-27.90771319,-0.535412496,10,54.7,,delivery2
47.13119202,-27.95873278,-0.535412496,10,54.8,,delivery2
47.21719785,-28.00975237,-0.535412496,10,54.9,,delivery2
47.30320367,-28.06077195,-0.535412496,10,55,,delivery2
47.3892095,-28.11179154,-0.535412496,10,55.1,,delivery2
47.47521532,-28.16281112,-0.535412496,10,55.2,,delivery2
47.56122115,-28.21383071,-0.535412496,10,55.3,,delivery2
47.64722697,-28.26485029,-0.535412496,10,55.4,,delivery2
47.7332328,-28.31586988,-0.535412496,10,55.5,,delivery2
47.81923862,-28.36688946,-0.535412496,10,55.6,,delivery2
47.90524445,-28.41790905,-0.535412496,10,55.7,,delivery2
47.99125027,-28.46892863,-0.535412496,10,55.8,,delivery2
48.0772561,-28.51994822,-0.535412496,10,55.9,,delivery2
48.16326192,-28.5709678,-0.535412496,10,56,,delivery2
48.24926774,-28.62198739,-0.535412496,10,56.1,,delivery2
48.33527357,-28.67300697,-0.535412496,10,56.2,,delivery2
48.42127939,-28.72402656,-0.535412496,10,56.3,,delivery2
48.50728522,-28.77504615,-0.535412496,10,56.4,,delivery2
48.59329104,-28.82606573,-0.535412496,10,56.5,,delivery2
48.67929687,-28.87708532,-0.535412496,10,56.6,,delivery2
48.76530269,-28.9281049,-0.535412496,10,56.7,,delivery2
48.85130852,-28.97912449,-0.535412496,10,56.8,,delivery2
48.93731434,-29.03014407,-0.535412496,10,56.9,,delivery2
49.02332017,-29.08116366,-0.535412496,10,57,,delivery2
49.10932599,-29.13218324,-0.535412496,10,57.1,,delivery2
49.19533182,-29.18320283,-0.535412496,10,57.2,,delivery2
49.28133764,-29.23422241,-0.535412496,10,57.3,,delivery2
49.36734347,-29.285242,-0.535412496,10,57.4,,delivery2
49.45334929,-29.33626158,-0.535412496,10,57.5,,delivery2
49.53935512,-29.38728117,-0.535412496,10,57.6,,delivery2
49.62536094,-29.43830076,-0.535412496,10,57.7,,delivery2
49.71136677,-29.48932034,-0.535412496,10,57.8,,delivery2
49.79737259,-29.54033993,-0.535412496,10,57.9,,delivery2
49.88337842,-29.59135951,-0.535412496,10,58,,delivery2
49.96938424,-29.6423791,-0.535412496,10,58.1,,delivery2
50.05539007,-29.69339868,-0.535412496,10,58.2,,delivery2
50.14139589,-29.74441827,-0.535412496,10,58.3,,delivery2
50.22740172,-29.79543785,-0.535412496,10,58.4,,delivery2
50.31340754,-29.84645744,-0.535412496,10,58.5,,delivery2
50.39941337,-29.89747702,-0.535412496,10,58.6,,delivery2
50.48541919,-29.94849661,-0.535412496,10,58.7,,delivery2
50.57142502,-29.99951619,-0.535412496,10,58.8,,delivery2
50.65743084,-30.05053578,-0.535412496,10,58.9,,delivery2
50.74343667,-30.10155536,-0.535412496,10,59,,delivery2
50.82944249,-30.15257495,-0.535412496,10,59.1,,delivery2
50.91544832,-30.20359454,-0.535412496,10,59.2,,delivery2
51.00145414,-30.25461412,-0.535412496,10,59.3,,delivery2
51.08745997,-30.30563371,-0.535412496,10,59.4,,delivery2
51.17346579,-30.35665329,-0.535412496,10,59.5,,delivery2
51.25947161,-30.40767288,-0.535412496,10,59.6,,delivery2
51.34547744,-30.45869246,-0.535412496,10,59.7,,delivery2
51.43148326,-30.50971205,-0.535412496,10,59.8,,delivery2
51.51748909,-30.56073163,-0.535412496,10,59.9,,delivery2
51.60349491,-30.61175122,-0.535412496,10,60,,delivery2
51.68950074,-30.6627708,-0.535412496,10,60.1,,delivery2
51.77550656,-30.71379039,-0.535412496,10,60.2,,delivery2
51.86151239,-30.76480997,-0.535412496,10,60.3,,delivery2
51.94751821,-30.81582956,-0.535412496,10,60.4,,delivery2
52.03352404,-30.86684915,-0.535412496,10,60.5,,delivery2
52.11952986,-30.91786873,-0.535412496,10,60.6,,delivery2
52.20553569,-30.96888832,-0.535412496,10,60.7,,delivery2
52.29154151,-31.0199079,-0.535412496,10,60.8,,delivery2
52.37754734,-31.07092749,-0.535412496,10,60.9,,delivery2
52.46355316,-31.12194707,-0.535412496,10,61,,delivery2
52.54955899,-31.17296666,-0.535412496,10,61.1,,delivery2
52.63556481,-31.22398624,-0.535412496,10,61.2,,delivery2
52.72157064,-31.27500583,-0.535412496,10,61.3,,delivery2
52.80757646,-31.32602541,-0.535412496,10,61.4,,delivery2
52.89358229,-31.377045,-0.535412496,10,61.5,,delivery2
52.97958811,-31.42806458,-0.535412496,10,61.6,,delivery2
53.06559394,-31.47908417,-0.535412496,10,61.7,,delivery2
53.15159976,-31.53010376,-0.535412496,10,61.8,,delivery2
53.23760559,-31.58112334,-0.535412496,10,61.9,,delivery2
53.32361141,-31.63214293,-0.535412496,10,62,,delivery2
53.40961724,-31.68316251,-0.535412496,10,62.1,,delivery2
53.49562306,-31.7341821,-0.535412496,10,62.2,,delivery2
53.58162889,-31.78520168,-0.535412496,10,62.3,,delivery2
53.66763471,-31.83622127,-0.535412496,10,62.4,,delivery2
53.75364054,-31.88724085,-0.535412496,10,62.5,,delivery2
53.83964636,-31.93826044,-0.535412496,10,62.6,,delivery2
53.92565219,-31.98928002,-0.535412496,10,62.7,,delivery2
54.01165801,-32.04029961,-0.535412496,10,62.8,,delivery2
54.09766384,-32.09131919,-0.535412496,10,62.9,,delivery2
54.18366966,-32.14233878,-0.535412496,10,63,,delivery2
54.26967548,-32.19335836,-0.535412496,10,63.1,,delivery2
54.35568131,-32.24437795,-0.535412496,10,63.2,,delivery2
54.44168713,-32.29539754,-0.535412496,10,63.3,,delivery2
54.52769296,-32.34641712,-0.535412496,10,63.4,,delivery2
54.61369878,-32.39743671,-0.535412496,10,63.5,,delivery2
54.69970461,-32.44845629,-0.535412496,10,63.6,,delivery2
54.78571043,-32.49947588,-0.535412496,10,63.7,,delivery2
54.87171626,-32.55049546,-0.535412496,10,63.8,,delivery2
54.95772208,-32.60151505,-0.535412496,10,63.9,,delivery2
55.04372791,-32.65253463,-0.535412496,10,64,,delivery2
55.12973373,-32.70355422,-0.535412496,10,64.1,,delivery2
55.21573956,-32.7545738,-0.535412496,10,64.2,,delivery2
55.30174538,-32.80559339,-0.535412496,10,64.3,,delivery2
55.38775121,-32.85661297,-0.535412496,10,64.4,,delivery2
55.47375703,-32.90763256,-0.535412496,10,64.5,,delivery2
55.55976286,-32.95865215,-0.535412496,10,64.6,,delivery2
55.64576868,-33.00967173,-0.535412496,10,64.7,,delivery2
55.73177451,-33.06069132,-0.535412496,10,64.8,,delivery2
55.81778033,-33.1117109,-0.535412496,10,64.9,,delivery2
