123.250888210211,320.489935473976,1.39140403378009,0,0,,,123.389888210211,314.339935473976,1.39140403378009,0,0
123.268731375383,320.588330704839,1.39140403378009,0,0.1,,,123.407731375383,314.438330704839,1.39140403378009,0,0.1
123.286574540555,320.686725935703,1.39140403378009,0,0.2,,,123.425574540555,314.536725935703,1.39140403378009,0,0.2
123.304417705727,320.785121166566,1.39140403378009,0,0.3,,,123.443417705727,314.635121166566,1.39140403378009,0,0.3
123.322260870899,320.883516397429,1.39140403378009,0,0.4,,,123.461260870899,314.733516397429,1.39140403378009,0,0.4
123.340104036071,320.981911628293,1.39140403378009,0,0.5,,,123.479104036071,314.831911628293,1.39140403378009,0,0.5
123.357947201243,321.080306859156,1.39140403378009,0,0.6,,,123.496947201243,314.930306859156,1.39140403378009,0,0.6
123.375790366415,321.178702090019,1.39140403378009,0,0.7,,,123.514790366415,315.028702090019,1.39140403378009,0,0.7
123.393633531587,321.277097320883,1.39140403378009,0,0.8,,,123.532633531587,315.127097320883,1.39140403378009,0,0.8
123.411476696759,321.375492551746,1.39140403378009,0,0.9,,,123.550476696759,315.225492551746,1.39140403378009,0,0.9
123.429319861931,321.473887782609,1.39140403378009,0,1,,,123.568319861931,315.323887782609,1.39140403378009,0,1
123.447163027103,321.572283013473,1.39140403378009,0,1.1,,,123.586163027103,315.422283013473,1.39140403378009,0,1.1
123.465006192275,321.670678244336,1.39140403378009,0,1.2,,,123.604006192275,315.520678244336,1.39140403378009,0,1.2
123.482849357447,321.769073475199,1.39140403378009,0,1.3,,,123.621849357447,315.619073475199,1.39140403378009,0,1.3
123.500692522619,321.867468706062,1.39140403378009,0,1.4,,,123.639692522619,315.717468706062,1.39140403378009,0,1.4
123.518535687791,321.965863936926,1.39140403378009,0,1.5,,,123.657535687791,315.815863936926,1.39140403378009,0,1.5
123.536378852962,322.064259167789,1.39140403378009,0,1.6,,,123.675378852962,315.914259167789,1.39140403378009,0,1.6
123.554222018134,322.162654398652,1.39140403378009,0,1.7,,,123.693222018134,316.012654398652,1.39140403378009,0,1.7
123.572065183306,322.261049629516,1.39140403378009,0,1.8,,,123.711065183306,316.111049629516,1.39140403378009,0,1.8
123.589908348478,322.359444860379,1.39140403378009,0,1.9,,,123.728908348478,316.209444860379,1.39140403378009,0,1.9
123.60775151365,322.457840091242,1.39140403378009,0,2,,,123.74675151365,316.307840091242,1.39140403378009,0,2
123.625594678822,322.556235322106,1.39140403378009,0,2.1,,,123.764594678822,316.406235322106,1.39140403378009,0,2.1
123.643437843994,322.654630552969,1.39140403378009,0,2.2,,,123.782437843994,316.504630552969,1.39140403378009,0,2.2
123.661281009166,322.753025783832,1.39140403378009,0,2.3,,,123.800281009166,316.603025783832,1.39140403378009,0,2.3
123.679124174338,322.851421014696,1.39140403378009,0,2.4,,,123.818124174338,316.701421014696,1.39140403378009,0,2.4
123.69696733951,322.949816245559,1.39140403378009,0,2.5,,,123.83596733951,316.799816245559,1.39140403378009,0,2.5
123.714810504682,323.048211476422,1.39140403378009,0,2.6,,,123.853810504682,316.898211476422,1.39140403378009,0,2.6
123.732653669854,323.146606707286,1.39140403378009,0,2.7,,,123.871653669854,316.996606707286,1.39140403378009,0,2.7
123.750496835026,323.245001938149,1.39140403378009,0,2.8,,,123.889496835026,317.095001938149,1.39140403378009,0,2.8
123.768340000198,323.343397169012,1.39140403378009,0,2.9,,,123.907340000198,317.193397169012,1.39140403378009,0,2.9
123.78618316537,323.441792399876,1.39140403378009,0,3,,,123.92518316537,317.291792399876,1.39140403378009,0,3
123.804026330542,323.540187630739,1.39140403378009,0,3.1,,,123.943026330542,317.390187630739,1.39140403378009,0,3.1
123.821869495714,323.638582861602,1.39140403378009,0,3.2,,,123.960869495714,317.488582861602,1.39140403378009,0,3.2
123.839712660886,323.736978092466,1.39140403378009,0,3.3,,,123.978712660886,317.586978092466,1.39140403378009,0,3.3
123.857555826058,323.835373323329,1.39140403378009,0,3.4,,,123.996555826058,317.685373323329,1.39140403378009,0,3.4
123.87539899123,323.933768554192,1.39140403378009,0,3.5,,,124.01439899123,317.783768554192,1.39140403378009,0,3.5
123.893242156402,324.032163785055,1.39140403378009,0,3.6,,,124.032242156402,317.882163785055,1.39140403378009,0,3.6
123.911085321574,324.130559015919,1.39140403378009,0,3.7,,,124.050085321574,317.980559015919,1.39140403378009,0,3.7
123.928928486746,324.228954246782,1.39140403378009,0,3.8,,,124.067928486746,318.078954246782,1.39140403378009,0,3.8
123.946771651918,324.327349477645,1.39140403378009,0,3.9,,,124.085771651918,318.177349477645,1.39140403378009,0,3.9
123.96461481709,324.425744708509,1.39140403378009,0,4,,,124.10361481709,318.275744708509,1.39140403378009,0,4
123.982457982262,324.524139939372,1.39140403378009,0,4.1,,,124.121457982262,318.374139939372,1.39140403378009,0,4.1
124.000301147434,324.622535170235,1.39140403378009,0,4.2,,,124.139301147434,318.472535170235,1.39140403378009,0,4.2
124.018144312606,324.720930401099,1.39140403378009,0,4.3,,,124.157144312606,318.570930401099,1.39140403378009,0,4.3
124.035987477778,324.819325631962,1.39140403378009,0,4.4,,,124.174987477778,318.669325631962,1.39140403378009,0,4.4
124.05383064295,324.917720862825,1.39140403378009,0,4.5,,,124.19283064295,318.767720862825,1.39140403378009,0,4.5
124.071673808121,325.016116093689,1.39140403378009,0,4.6,,,124.210673808121,318.866116093689,1.39140403378009,0,4.6
124.089516973293,325.114511324552,1.39140403378009,0,4.7,,,124.228516973293,318.964511324552,1.39140403378009,0,4.7
124.107360138465,325.212906555415,1.39140403378009,0,4.8,,,124.246360138465,319.062906555415,1.39140403378009,0,4.8
124.125203303637,325.311301786279,1.39140403378009,0,4.9,,,124.264203303637,319.161301786279,1.39140403378009,0,4.9
124.143046468809,325.409697017142,1.39140403378009,0,5,,,124.282046468809,319.259697017142,1.39140403378009,0,5
124.160889633981,325.508092248005,1.39140403378009,0,5.1,,,124.299889633981,319.358092248005,1.39140403378009,0,5.1
124.178732799153,325.606487478869,1.39140403378009,0,5.2,,,124.317732799153,319.456487478869,1.39140403378009,0,5.2
124.196575964325,325.704882709732,1.39140403378009,0,5.3,,,124.335575964325,319.554882709732,1.39140403378009,0,5.3
124.214419129497,325.803277940595,1.39140403378009,0,5.4,,,124.353419129497,319.653277940595,1.39140403378009,0,5.4
124.232262294669,325.901673171459,1.39140403378009,0,5.5,,,124.371262294669,319.751673171459,1.39140403378009,0,5.5
124.250105459841,326.000068402322,1.39140403378009,0,5.6,,,124.389105459841,319.850068402322,1.39140403378009,0,5.6
124.267948625013,326.098463633185,1.39140403378009,0,5.7,,,124.406948625013,319.948463633185,1.39140403378009,0,5.7
124.285791790185,326.196858864048,1.39140403378009,0,5.8,,,124.424791790185,320.046858864048,1.39140403378009,0,5.8
124.303634955357,326.295254094912,1.39140403378009,0,5.9,,,124.442634955357,320.145254094912,1.39140403378009,0,5.9
124.321478120529,326.393649325775,1.39140403378009,0,6,,,124.460478120529,320.243649325775,1.39140403378009,0,6
124.339321285701,326.492044556638,1.39140403378009,0,6.1,,,124.478321285701,320.342044556638,1.39140403378009,0,6.1
124.357164450873,326.590439787502,1.39140403378009,0,6.2,,,124.496164450873,320.440439787502,1.39140403378009,0,6.2
124.375007616045,326.688835018365,1.39140403378009,0,6.3,,,124.514007616045,320.538835018365,1.39140403378009,0,6.3
124.392850781217,326.787230249228,1.39140403378009,0,6.4,,,124.531850781217,320.637230249228,1.39140403378009,0,6.4
124.410693946389,326.885625480092,1.39140403378009,0,6.5,,,124.549693946389,320.735625480092,1.39140403378009,0,6.5
124.428537111561,326.984020710955,1.39140403378009,0,6.6,,,124.567537111561,320.834020710955,1.39140403378009,0,6.6
124.446380276733,327.082415941818,1.39140403378009,0,6.7,,,124.585380276733,320.932415941818,1.39140403378009,0,6.7
124.464223441905,327.180811172682,1.39140403378009,0,6.8,,,124.603223441905,321.030811172682,1.39140403378009,0,6.8
124.482066607077,327.279206403545,1.39140403378009,0,6.9,,,124.621066607077,321.129206403545,1.39140403378009,0,6.9
124.499909772249,327.377601634408,1.39140403378009,0,7,,,124.638909772249,321.227601634408,1.39140403378009,0,7
124.517752937421,327.475996865272,1.39140403378009,0,7.1,,,124.656752937421,321.325996865272,1.39140403378009,0,7.1
124.535596102593,327.574392096135,1.39140403378009,0,7.2,,,124.674596102593,321.424392096135,1.39140403378009,0,7.2
124.553439267765,327.672787326998,1.39140403378009,0,7.3,,,124.692439267765,321.522787326998,1.39140403378009,0,7.3
124.571282432937,327.771182557862,1.39140403378009,0,7.4,,,124.710282432937,321.621182557862,1.39140403378009,0,7.4
124.589125598109,327.869577788725,1.39140403378009,0,7.5,,,124.728125598109,321.719577788725,1.39140403378009,0,7.5
124.606968763281,327.967973019588,1.39140403378009,0,7.6,,,124.745968763281,321.817973019588,1.39140403378009,0,7.6
124.624811928452,328.066368250452,1.39140403378009,0,7.7,,,124.763811928452,321.916368250452,1.39140403378009,0,7.7
124.642655093624,328.164763481315,1.39140403378009,0,7.8,,,124.781655093624,322.014763481315,1.39140403378009,0,7.8
124.660498258796,328.263158712178,1.39140403378009,0,7.9,,,124.799498258796,322.113158712178,1.39140403378009,0,7.9
124.678341423968,328.361553943041,1.39140403378009,0,8,,,124.817341423968,322.211553943041,1.39140403378009,0,8
124.69618458914,328.459949173905,1.39140403378009,0,8.1,,,124.83518458914,322.309949173905,1.39140403378009,0,8.1
124.714027754312,328.558344404768,1.39140403378009,0,8.2,,,124.853027754312,322.408344404768,1.39140403378009,0,8.2
124.731870919484,328.656739635631,1.39140403378009,0,8.3,,,124.870870919484,322.506739635631,1.39140403378009,0,8.3
124.749714084656,328.755134866495,1.39140403378009,0,8.4,,,124.888714084656,322.605134866495,1.39140403378009,0,8.4
124.767557249828,328.853530097358,1.39140403378009,0,8.5,,,124.906557249828,322.703530097358,1.39140403378009,0,8.5
124.785400415,328.951925328221,1.39140403378009,0,8.6,,,124.924400415,322.801925328221,1.39140403378009,0,8.6
124.803243580172,329.050320559085,1.39140403378009,0,8.7,,,124.942243580172,322.900320559085,1.39140403378009,0,8.7
124.821086745344,329.148715789948,1.39140403378009,0,8.8,,,124.960086745344,322.998715789948,1.39140403378009,0,8.8
124.838929910516,329.247111020811,1.39140403378009,0,8.9,,,124.977929910516,323.097111020811,1.39140403378009,0,8.9
124.856773075688,329.345506251675,1.39140403378009,0,9,,,124.995773075688,323.195506251675,1.39140403378009,0,9
124.87461624086,329.443901482538,1.39140403378009,0,9.1,,,125.01361624086,323.293901482538,1.39140403378009,0,9.1
124.892459406032,329.542296713401,1.39140403378009,0,9.2,,,125.031459406032,323.392296713401,1.39140403378009,0,9.2
124.910302571204,329.640691944265,1.39140403378009,0,9.3,,,125.049302571204,323.490691944265,1.39140403378009,0,9.3
124.928145736376,329.739087175128,1.39140403378009,0,9.4,,,125.067145736376,323.589087175128,1.39140403378009,0,9.4
124.945988901548,329.837482405991,1.39140403378009,0,9.5,,,125.084988901548,323.687482405991,1.39140403378009,0,9.5
124.96383206672,329.935877636855,1.39140403378009,0,9.6,,,125.10283206672,323.785877636855,1.39140403378009,0,9.6
124.981675231892,330.034272867718,1.39140403378009,0,9.7,,,125.120675231892,323.884272867718,1.39140403378009,0,9.7
124.999518397064,330.132668098581,1.39140403378009,0,9.8,,,125.138518397064,323.982668098581,1.39140403378009,0,9.8
125.017361562236,330.231063329445,1.39140403378009,0,9.9,,,125.156361562236,324.081063329445,1.39140403378009,0,9.9
125.035204727408,330.329458560308,1.39140403378009,0,10,,,125.174204727408,324.179458560308,1.39140403378009,0,10
125.05304789258,330.427853791171,1.39140403378009,0,10.1,,,125.19204789258,324.277853791171,1.39140403378009,0,10.1
125.070891057752,330.526249022035,1.39140403378009,0,10.2,,,125.209891057752,324.376249022035,1.39140403378009,0,10.2
125.088734222924,330.624644252898,1.39140403378009,0,10.3,,,125.227734222924,324.474644252898,1.39140403378009,0,10.3
125.106577388096,330.723039483761,1.39140403378009,0,10.4,,,125.245577388096,324.573039483761,1.39140403378009,0,10.4
125.106557460516,330.723193569613,1.59513357175981,0,6.1,,,,,,,
125.104123976262,330.823163956,1.59513357175981,0,6.2,,,,,,,
125.101690492009,330.923134342387,1.59513357175981,0,6.3,,,125.255,324.625,1.59513357175981,0,0
125.099257007755,331.023104728775,1.59513357175981,0,6.4,,,125.252566515746,324.724970386387,1.59513357175981,0,0.1
125.096823523501,331.123075115162,1.59513357175981,0,6.5,,,125.250133031492,324.824940772774,1.59513357175981,0,0.2
125.094390039247,331.223045501549,1.59513357175981,0,6.6,,,125.247699547238,324.924911159161,1.59513357175981,0,0.3
125.091956554993,331.323015887936,1.59513357175981,0,6.7,,,125.245266062985,325.024881545548,1.59513357175981,0,0.4
125.089523070739,331.422986274323,1.59513357175981,0,6.8,,,125.242832578731,325.124851931935,1.59513357175981,0,0.5
125.087089586486,331.52295666071,1.59513357175981,0,6.9,,,125.240399094477,325.224822318323,1.59513357175981,0,0.6
125.084656102232,331.622927047097,1.59513357175981,0,7,,,125.237965610223,325.32479270471,1.59513357175981,0,0.7
125.082222617978,331.722897433484,1.59513357175981,0,7.1,,,125.235532125969,325.424763091097,1.59513357175981,0,0.8
125.079789133724,331.822867819871,1.59513357175981,0,7.2,,,125.233098641716,325.524733477484,1.59513357175981,0,0.9
125.07735564947,331.922838206258,1.59513357175981,0,7.3,,,125.230665157462,325.624703863871,1.59513357175981,0,1
125.074922165216,332.022808592645,1.59513357175981,0,7.4,,,125.228231673208,325.724674250258,1.59513357175981,0,1.1
125.072488680963,332.122778979033,1.59513357175981,0,7.5,,,125.225798188954,325.824644636645,1.59513357175981,0,1.2
125.070055196709,332.22274936542,1.59513357175981,0,7.6,,,125.2233647047,325.924615023032,1.59513357175981,0,1.3
125.067621712455,332.322719751807,1.59513357175981,0,7.7,,,125.220931220446,326.024585409419,1.59513357175981,0,1.4
125.065188228201,332.422690138194,1.59513357175981,0,7.8,,,125.218497736193,326.124555795807,1.59513357175981,0,1.5
125.062754743947,332.522660524581,1.59513357175981,0,7.9,,,125.216064251939,326.224526182194,1.59513357175981,0,1.6
125.060321259693,332.622630910968,1.59513357175981,0,8,,,125.213630767685,326.324496568581,1.59513357175981,0,1.7
125.05788777544,332.722601297355,1.59513357175981,0,8.1,,,125.211197283431,326.424466954968,1.59513357175981,0,1.8
125.055454291186,332.822571683742,1.59513357175981,0,8.2,,,125.208763799177,326.524437341355,1.59513357175981,0,1.9
125.053020806932,332.922542070129,1.59513357175981,0,8.3,,,125.206330314923,326.624407727742,1.59513357175981,0,2
125.050587322678,333.022512456516,1.59513357175981,0,8.4,,,125.20389683067,326.724378114129,1.59513357175981,0,2.1
125.048153838424,333.122482842904,1.59513357175981,0,8.5,,,125.201463346416,326.824348500516,1.59513357175981,0,2.2
125.045720354171,333.222453229291,1.59513357175981,0,8.6,,,125.199029862162,326.924318886903,1.59513357175981,0,2.3
125.043286869917,333.322423615678,1.59513357175981,0,8.7,,,125.196596377908,327.02428927329,1.59513357175981,0,2.4
125.040853385663,333.422394002065,1.59513357175981,0,8.8,,,125.194162893654,327.124259659678,1.59513357175981,0,2.5
125.038419901409,333.522364388452,1.59513357175981,0,8.9,,,125.1917294094,327.224230046065,1.59513357175981,0,2.6
125.035986417155,333.622334774839,1.59513357175981,0,9,,,125.189295925147,327.324200432452,1.59513357175981,0,2.7
125.033552932901,333.722305161226,1.59513357175981,0,9.1,,,125.186862440893,327.424170818839,1.59513357175981,0,2.8
125.031119448648,333.822275547613,1.59513357175981,0,9.2,,,125.184428956639,327.524141205226,1.59513357175981,0,2.9
125.028685964394,333.922245934,1.59513357175981,0,9.3,,,125.181995472385,327.624111591613,1.59513357175981,0,3
125.02625248014,334.022216320388,1.59513357175981,0,9.4,,,125.179561988131,327.724081978,1.59513357175981,0,3.1
125.023818995886,334.122186706775,1.59513357175981,0,9.5,,,125.177128503877,327.824052364387,1.59513357175981,0,3.2
125.021385511632,334.222157093162,1.59513357175981,0,9.6,,,125.174695019624,327.924022750774,1.59513357175981,0,3.3
125.018952027378,334.322127479549,1.59513357175981,0,9.7,,,125.17226153537,328.023993137161,1.59513357175981,0,3.4
125.016518543125,334.422097865936,1.59513357175981,0,9.8,,,125.169828051116,328.123963523549,1.59513357175981,0,3.5
125.014085058871,334.522068252323,1.59513357175981,0,9.9,,,125.167394566862,328.223933909936,1.59513357175981,0,3.6
125.011651574617,334.62203863871,1.59513357175981,0,10,,,125.164961082608,328.323904296323,1.59513357175981,0,3.7
125.009218090363,334.722009025097,1.59513357175981,0,10.1,,,125.162527598354,328.42387468271,1.59513357175981,0,3.8
125.006784606109,334.821979411484,1.59513357175981,0,10.2,,,125.160094114101,328.523845069097,1.59513357175981,0,3.9
125.004351121855,334.921949797871,1.59513357175981,0,10.3,,,125.157660629847,328.623815455484,1.59513357175981,0,4
125.001917637602,335.021920184259,1.59513357175981,0,10.4,,,125.155227145593,328.723785841871,1.59513357175981,0,4.1
124.999484153348,335.121890570646,1.59513357175981,0,10.5,,,125.152793661339,328.823756228258,1.59513357175981,0,4.2
124.997050669094,335.221860957033,1.59513357175981,0,10.6,,,125.150360177085,328.923726614645,1.59513357175981,0,4.3
124.99461718484,335.32183134342,1.59513357175981,0,10.7,,,125.147926692831,329.023697001032,1.59513357175981,0,4.4
124.992183700586,335.421801729807,1.59513357175981,0,10.8,,,125.145493208578,329.12366738742,1.59513357175981,0,4.5
124.989750216332,335.521772116194,1.59513357175981,0,10.9,,,125.143059724324,329.223637773807,1.59513357175981,0,4.6
124.987316732079,335.621742502581,1.59513357175981,0,11,,,125.14062624007,329.323608160194,1.59513357175981,0,4.7
124.984883247825,335.721712888968,1.59513357175981,0,11.1,,,125.138192755816,329.423578546581,1.59513357175981,0,4.8
124.982449763571,335.821683275355,1.59513357175981,0,11.2,,,125.135759271562,329.523548932968,1.59513357175981,0,4.9
124.980016279317,335.921653661742,1.59513357175981,0,11.3,,,125.133325787308,329.623519319355,1.59513357175981,0,5
124.977582795063,336.02162404813,1.59513357175981,0,11.4,,,125.130892303055,329.723489705742,1.59513357175981,0,5.1
124.975149310809,336.121594434517,1.59513357175981,0,11.5,,,125.128458818801,329.823460092129,1.59513357175981,0,5.2
124.972715826556,336.221564820904,1.59513357175981,0,11.6,,,125.126025334547,329.923430478516,1.59513357175981,0,5.3
124.970282342302,336.321535207291,1.59513357175981,0,11.7,,,125.123591850293,330.023400864903,1.59513357175981,0,5.4
124.967848858048,336.421505593678,1.59513357175981,0,11.8,,,125.121158366039,330.123371251291,1.59513357175981,0,5.5
124.965415373794,336.521475980065,1.59513357175981,0,11.9,,,125.118724881785,330.223341637678,1.59513357175981,0,5.6
124.96298188954,336.621446366452,1.59513357175981,0,12,,,125.116291397532,330.323312024065,1.59513357175981,0,5.7
124.960548405286,336.721416752839,1.59513357175981,0,12.1,,,125.113857913278,330.423282410452,1.59513357175981,0,5.8
124.958114921033,336.821387139226,1.59513357175981,0,12.2,,,125.111424429024,330.523252796839,1.59513357175981,0,5.9
124.955681436779,336.921357525613,1.59513357175981,0,12.3,,,125.10899094477,330.623223183226,1.59513357175981,0,6
124.953247952525,337.021327912001,1.59513357175981,0,12.4,,,,,,,
124.950814468271,337.121298298388,1.59513357175981,0,12.5,,,,,,,
124.948380984017,337.221268684775,1.59513357175981,0,12.6,,,125.106557460516,125.245577388096,,,
124.945947499763,337.321239071162,1.59513357175981,0,12.7,,,-0.139019927579994,,,,
124.94351401551,337.421209457549,1.59513357175981,0,12.8,,,,,,,
124.941080531256,337.521179843936,1.59513357175981,0,12.9,,,330.723193569613,324.573039483761,,,
124.938647047002,337.621150230323,1.59513357175981,0,13,,,6.15015408585197,,,,
124.936213562748,337.72112061671,1.59513357175981,0,13.1,,,,,,,
124.933780078494,337.821091003097,1.59513357175981,0,13.2,,,,,,,
124.93134659424,337.921061389485,1.59513357175981,0,13.3,,,,,,,
124.928913109987,338.021031775872,1.59513357175981,0,13.4,,,,,,,
124.926479625733,338.121002162259,1.59513357175981,0,13.5,,,,,,,
124.924046141479,338.220972548646,1.59513357175981,0,13.6,,,,,,,
124.921612657225,338.320942935033,1.59513357175981,0,13.7,,,,,,,
124.919179172971,338.42091332142,1.59513357175981,0,13.8,,,,,,,
124.916745688717,338.520883707807,1.59513357175981,0,13.9,,,,,,,
124.914312204464,338.620854094194,1.59513357175981,0,14,,,,,,,
124.91187872021,338.720824480581,1.59513357175981,0,14.1,,,,,,,
124.909445235956,338.820794866968,1.59513357175981,0,14.2,,,,,,,
124.907011751702,338.920765253355,1.59513357175981,0,14.3,,,,,,,
124.904578267448,339.020735639743,1.59513357175981,0,14.4,,,,,,,
124.902144783194,339.12070602613,1.59513357175981,0,14.5,,,,,,,
124.899711298941,339.220676412517,1.59513357175981,0,14.6,,,,,,,
124.897277814687,339.320646798904,1.59513357175981,0,14.7,,,,,,,
124.894844330433,339.420617185291,1.59513357175981,0,14.8,,,,,,,
124.892410846179,339.520587571678,1.59513357175981,0,14.9,,,,,,,
124.889977361925,339.620557958065,1.59513357175981,0,15,,,,,,,
124.887543877671,339.720528344452,1.59513357175981,0,15.1,,,,,,,
124.885110393418,339.820498730839,1.59513357175981,0,15.2,,,,,,,
124.882676909164,339.920469117226,1.59513357175981,0,15.3,,,,,,,
124.88024342491,340.020439503614,1.59513357175981,0,15.4,,,,,,,
124.877809940656,340.120409890001,1.59513357175981,0,15.5,,,,,,,
124.875376456402,340.220380276388,1.59513357175981,0,15.6,,,,,,,
124.872942972148,340.320350662775,1.59513357175981,0,15.7,,,,,,,
124.870509487895,340.420321049162,1.59513357175981,0,15.8,,,,,,,
124.868076003641,340.520291435549,1.59513357175981,0,15.9,,,,,,,
124.865642519387,340.620261821936,1.59513357175981,0,16,,,,,,,
124.863209035133,340.720232208323,1.59513357175981,0,16.1,,,,,,,
124.860775550879,340.82020259471,1.59513357175981,0,16.2,,,,,,,
124.858342066626,340.920172981098,1.59513357175981,0,16.3,,,,,,,
124.855908582372,341.020143367485,1.59513357175981,0,16.4,,,,,,,
124.853475098118,341.120113753872,1.59513357175981,0,16.5,,,,,,,
124.851041613864,341.220084140259,1.59513357175981,0,16.6,,,,,,,
124.84860812961,341.320054526646,1.59513357175981,0,16.7,,,,,,,
124.846174645356,341.420024913033,1.59513357175981,0,16.8,,,,,,,
124.843741161103,341.51999529942,1.59513357175981,0,16.9,,,,,,,
124.841307676849,341.619965685807,1.59513357175981,0,17,,,,,,,
124.838874192595,341.719936072194,1.59513357175981,0,17.1,,,,,,,
124.836440708341,341.819906458581,1.59513357175981,0,17.2,,,,,,,
124.834007224087,341.919876844969,1.59513357175981,0,17.3,,,,,,,
124.831573739833,342.019847231356,1.59513357175981,0,17.4,,,,,,,
124.82914025558,342.119817617743,1.59513357175981,0,17.5,,,,,,,
124.826706771326,342.21978800413,1.59513357175981,0,17.6,,,,,,,
124.824273287072,342.319758390517,1.59513357175981,0,17.7,,,,,,,
124.821839802818,342.419728776904,1.59513357175981,0,17.8,,,,,,,
124.819406318564,342.519699163291,1.59513357175981,0,17.9,,,,,,,
124.81697283431,342.619669549678,1.59513357175981,0,18,,,,,,,
124.814539350057,342.719639936065,1.59513357175981,0,18.1,,,,,,,
124.812105865803,342.819610322452,1.59513357175981,0,18.2,,,,,,,
124.809672381549,342.91958070884,1.59513357175981,0,18.3,,,,,,,
124.807238897295,343.019551095227,1.59513357175981,0,18.4,,,,,,,
124.804805413041,343.119521481614,1.59513357175981,0,18.5,,,,,,,
124.802371928787,343.219491868001,1.59513357175981,0,18.6,,,,,,,
124.799938444534,343.319462254388,1.59513357175981,0,18.7,,,,,,,
124.79750496028,343.419432640775,1.59513357175981,0,18.8,,,,,,,
124.795071476026,343.519403027162,1.59513357175981,0,18.9,,,,,,,
124.792637991772,343.619373413549,1.59513357175981,0,19,,,,,,,
124.790204507518,343.719343799936,1.59513357175981,0,19.1,,,,,,,
124.787771023264,343.819314186323,1.59513357175981,0,19.2,,,,,,,
124.785337539011,343.919284572711,1.59513357175981,0,19.3,,,,,,,
124.782904054757,344.019254959098,1.59513357175981,0,19.4,,,,,,,
124.780470570503,344.119225345485,1.59513357175981,0,19.5,,,,,,,
124.778037086249,344.219195731872,1.59513357175981,0,19.6,,,,,,,
124.775603601995,344.319166118259,1.59513357175981,0,19.7,,,,,,,
124.773170117741,344.419136504646,1.59513357175981,0,19.8,,,,,,,
124.770736633488,344.519106891033,1.59513357175981,0,19.9,,,,,,,
124.768303149234,344.61907727742,1.59513357175981,0,20,,,,,,,
124.76586966498,344.719047663807,1.59513357175981,0,20.1,,,,,,,
124.763436180726,344.819018050194,1.59513357175981,0,20.2,,,,,,,
124.761002696472,344.918988436582,1.59513357175981,0,20.3,,,,,,,
124.758569212218,345.018958822969,1.59513357175981,0,20.4,,,,,,,
124.756135727965,345.118929209356,1.59513357175981,0,20.5,,,,,,,
124.753702243711,345.218899595743,1.59513357175981,0,20.6,,,,,,,
124.751268759457,345.31886998213,1.59513357175981,0,20.7,,,,,,,
124.748835275203,345.418840368517,1.59513357175981,0,20.8,,,,,,,
124.746401790949,345.518810754904,1.59513357175981,0,20.9,,,,,,,
124.743968306695,345.618781141291,1.59513357175981,0,21,,,,,,,
124.741534822442,345.718751527678,1.59513357175981,0,21.1,,,,,,,
124.739101338188,345.818721914065,1.59513357175981,0,21.2,,,,,,,
124.736667853934,345.918692300453,1.59513357175981,0,21.3,,,,,,,
124.73423436968,346.01866268684,1.59513357175981,0,21.4,,,,,,,
124.731800885426,346.118633073227,1.59513357175981,0,21.5,,,,,,,
124.729367401172,346.218603459614,1.59513357175981,0,21.6,,,,,,,
124.726933916919,346.318573846001,1.59513357175981,0,21.7,,,,,,,
124.724500432665,346.418544232388,1.59513357175981,0,21.8,,,,,,,
124.722066948411,346.518514618775,1.59513357175981,0,21.9,,,,,,,
124.719633464157,346.618485005162,1.59513357175981,0,22,,,,,,,
124.717199979903,346.718455391549,1.59513357175981,0,22.1,,,,,,,
124.714766495649,346.818425777936,1.59513357175981,0,22.2,,,,,,,
124.712333011396,346.918396164324,1.59513357175981,0,22.3,,,,,,,
124.709899527142,347.018366550711,1.59513357175981,0,22.4,,,,,,,
124.707466042888,347.118336937098,1.59513357175981,0,22.5,,,,,,,
124.705032558634,347.218307323485,1.59513357175981,0,22.6,,,,,,,
124.70259907438,347.318277709872,1.59513357175981,0,22.7,,,,,,,
124.700165590126,347.418248096259,1.59513357175981,0,22.8,,,,,,,
124.697732105873,347.518218482646,1.59513357175981,0,22.9,,,,,,,
124.695298621619,347.618188869033,1.59513357175981,0,23,,,,,,,
124.692865137365,347.71815925542,1.59513357175981,0,23.1,,,,,,,
124.690431653111,347.818129641808,1.59513357175981,0,23.2,,,,,,,
124.687998168857,347.918100028195,1.59513357175981,0,23.3,,,,,,,
124.685564684603,348.018070414582,1.59513357175981,0,23.4,,,,,,,
124.68313120035,348.118040800969,1.59513357175981,0,23.5,,,,,,,
124.680697716096,348.218011187356,1.59513357175981,0,23.6,,,,,,,
124.678264231842,348.317981573743,1.59513357175981,0,23.7,,,,,,,
124.675830747588,348.41795196013,1.59513357175981,0,23.8,,,,,,,
124.673397263334,348.517922346517,1.59513357175981,0,23.9,,,,,,,
124.670963779081,348.617892732904,1.59513357175981,0,24,,,,,,,
124.668530294827,348.717863119291,1.59513357175981,0,24.1,,,,,,,
124.666096810573,348.817833505679,1.59513357175981,0,24.2,,,,,,,
124.663663326319,348.917803892066,1.59513357175981,0,24.3,,,,,,,
124.661229842065,349.017774278453,1.59513357175981,0,24.4,,,,,,,
124.658796357811,349.11774466484,1.59513357175981,0,24.5,,,,,,,
124.656362873558,349.217715051227,1.59513357175981,0,24.6,,,,,,,
124.653929389304,349.317685437614,1.59513357175981,0,24.7,,,,,,,
124.65149590505,349.417655824001,1.59513357175981,0,24.8,,,,,,,
124.649062420796,349.517626210388,1.59513357175981,0,24.9,,,,,,,
124.646628936542,349.617596596775,1.59513357175981,0,25,,,,,,,
124.644195452288,349.717566983162,1.59513357175981,0,25.1,,,,,,,
124.641761968035,349.81753736955,1.59513357175981,0,25.2,,,,,,,
124.639328483781,349.917507755937,1.59513357175981,0,25.3,,,,,,,
124.636894999527,350.017478142324,1.59513357175981,0,25.4,,,,,,,
124.634461515273,350.117448528711,1.59513357175981,0,25.5,,,,,,,
124.632028031019,350.217418915098,1.59513357175981,0,25.6,,,,,,,
124.629594546765,350.317389301485,1.59513357175981,0,25.7,,,,,,,
124.627161062512,350.417359687872,1.59513357175981,0,25.8,,,,,,,
124.624727578258,350.517330074259,1.59513357175981,0,25.9,,,,,,,
124.622294094004,350.617300460646,1.59513357175981,0,26,,,,,,,
124.61986060975,350.717270847033,1.59513357175981,0,26.1,,,,,,,
124.617427125496,350.817241233421,1.59513357175981,0,26.2,,,,,,,
124.614993641242,350.917211619808,1.59513357175981,0,26.3,,,,,,,
124.612560156989,351.017182006195,1.59513357175981,0,26.4,,,,,,,
124.610126672735,351.117152392582,1.59513357175981,0,26.5,,,,,,,
124.607693188481,351.217122778969,1.59513357175981,0,26.6,,,,,,,
124.605259704227,351.317093165356,1.59513357175981,0,26.7,,,,,,,
124.602826219973,351.417063551743,1.59513357175981,0,26.8,,,,,,,
124.600392735719,351.51703393813,1.59513357175981,0,26.9,,,,,,,
124.597959251466,351.617004324517,1.59513357175981,0,27,,,,,,,
124.595525767212,351.716974710904,1.59513357175981,0,27.1,,,,,,,
124.593092282958,351.816945097292,1.59513357175981,0,27.2,,,,,,,
124.590658798704,351.916915483679,1.59513357175981,0,27.3,,,,,,,
124.58822531445,352.016885870066,1.59513357175981,0,27.4,,,,,,,
124.585791830196,352.116856256453,1.59513357175981,0,27.5,,,,,,,
124.583358345943,352.21682664284,1.59513357175981,0,27.6,,,,,,,
124.580924861689,352.316797029227,1.59513357175981,0,27.7,,,,,,,
124.578491377435,352.416767415614,1.59513357175981,0,27.8,,,,,,,
124.576057893181,352.516737802001,1.59513357175981,0,27.9,,,,,,,
124.573624408927,352.616708188388,1.59513357175981,0,28,,,,,,,
124.571190924673,352.716678574775,1.59513357175981,0,28.1,,,,,,,
124.56875744042,352.816648961163,1.59513357175981,0,28.2,,,,,,,
124.566323956166,352.91661934755,1.59513357175981,0,28.3,,,,,,,
124.563890471912,353.016589733937,1.59513357175981,0,28.4,,,,,,,
124.561456987658,353.116560120324,1.59513357175981,0,28.5,,,,,,,
124.559023503404,353.216530506711,1.59513357175981,0,28.6,,,,,,,
124.55659001915,353.316500893098,1.59513357175981,0,28.7,,,,,,,
124.554156534897,353.416471279485,1.59513357175981,0,28.8,,,,,,,
124.551723050643,353.516441665872,1.59513357175981,0,28.9,,,,,,,
124.549289566389,353.616412052259,1.59513357175981,0,29,,,,,,,
124.546856082135,353.716382438647,1.59513357175981,0,29.1,,,,,,,
124.544422597881,353.816352825034,1.59513357175981,0,29.2,,,,,,,
124.541989113627,353.916323211421,1.59513357175981,0,29.3,,,,,,,
124.539555629374,354.016293597808,1.59513357175981,0,29.4,,,,,,,
124.53712214512,354.116263984195,1.59513357175981,0,29.5,,,,,,,
124.534688660866,354.216234370582,1.59513357175981,0,29.6,,,,,,,
124.532255176612,354.316204756969,1.59513357175981,0,29.7,,,,,,,
124.529821692358,354.416175143356,1.59513357175981,0,29.8,,,,,,,
124.527388208104,354.516145529743,1.59513357175981,0,29.9,,,,,,,
124.524954723851,354.61611591613,1.59513357175981,0,30,,,,,,,
124.522521239597,354.716086302518,1.59513357175981,0,30.1,,,,,,,
124.520087755343,354.816056688905,1.59513357175981,0,30.2,,,,,,,
124.517654271089,354.916027075292,1.59513357175981,0,30.3,,,,,,,
124.515220786835,355.015997461679,1.59513357175981,0,30.4,,,,,,,
124.512787302581,355.115967848066,1.59513357175981,0,30.5,,,,,,,
124.510353818328,355.215938234453,1.59513357175981,0,30.6,,,,,,,
124.507920334074,355.31590862084,1.59513357175981,0,30.7,,,,,,,
124.50548684982,355.415879007227,1.59513357175981,0,30.8,,,,,,,
124.503053365566,355.515849393614,1.59513357175981,0,30.9,,,,,,,
124.500619881312,355.615819780001,1.59513357175981,0,31,,,,,,,
124.498186397058,355.715790166389,1.59513357175981,0,31.1,,,,,,,
124.495752912805,355.815760552776,1.59513357175981,0,31.2,,,,,,,
124.493319428551,355.915730939163,1.59513357175981,0,31.3,,,,,,,
124.490885944297,356.01570132555,1.59513357175981,0,31.4,,,,,,,
124.488452460043,356.115671711937,1.59513357175981,0,31.5,,,,,,,
124.486018975789,356.215642098324,1.59513357175981,0,31.6,,,,,,,
124.483585491535,356.315612484711,1.59513357175981,0,31.7,,,,,,,
124.481152007282,356.415582871098,1.59513357175981,0,31.8,,,,,,,
124.478718523028,356.515553257485,1.59513357175981,0,31.9,,,,,,,
124.476285038774,356.615523643872,1.59513357175981,0,32,,,,,,,
124.47385155452,356.71549403026,1.59513357175981,0,32.1,,,,,,,
124.471418070266,356.815464416647,1.59513357175981,0,32.2,,,,,,,
124.468984586012,356.915434803034,1.59513357175981,0,32.3,,,,,,,
124.466551101759,357.015405189421,1.59513357175981,0,32.4,,,,,,,
124.464117617505,357.115375575808,1.59513357175981,0,32.5,,,,,,,
124.461684133251,357.215345962195,1.59513357175981,0,32.6,,,,,,,
124.459250648997,357.315316348582,1.59513357175981,0,32.7,,,,,,,
124.456817164743,357.415286734969,1.59513357175981,0,32.8,,,,,,,
124.454383680489,357.515257121356,1.59513357175981,0,32.9,,,,,,,
124.451950196236,357.615227507743,1.59513357175981,0,33,,,,,,,
124.449516711982,357.715197894131,1.59513357175981,0,33.1,,,,,,,
124.447083227728,357.815168280518,1.59513357175981,0,33.2,,,,,,,
124.444649743474,357.915138666905,1.59513357175981,0,33.3,,,,,,,
124.44221625922,358.015109053292,1.59513357175981,0,33.4,,,,,,,
124.439782774967,358.115079439679,1.59513357175981,0,33.5,,,,,,,
124.437349290713,358.215049826066,1.59513357175981,0,33.6,,,,,,,
124.434915806459,358.315020212453,1.59513357175981,0,33.7,,,,,,,
124.432482322205,358.41499059884,1.59513357175981,0,33.8,,,,,,,
124.430048837951,358.514960985227,1.59513357175981,0,33.9,,,,,,,
124.427615353697,358.614931371614,1.59513357175981,0,34,,,,,,,
124.425181869444,358.714901758002,1.59513357175981,0,34.1,,,,,,,
124.42274838519,358.814872144389,1.59513357175981,0,34.2,,,,,,,
124.420314900936,358.914842530776,1.59513357175981,0,34.3,,,,,,,
124.417881416682,359.014812917163,1.59513357175981,0,34.4,,,,,,,
124.415447932428,359.11478330355,1.59513357175981,0,34.5,,,,,,,
124.413014448174,359.214753689937,1.59513357175981,0,34.6,,,,,,,
124.410580963921,359.314724076324,1.59513357175981,0,34.7,,,,,,,
124.408147479667,359.414694462711,1.59513357175981,0,34.8,,,,,,,
124.405713995413,359.514664849098,1.59513357175981,0,34.9,,,,,,,
124.403280511159,359.614635235485,1.59513357175981,0,35,,,,,,,
124.400847026905,359.714605621873,1.59513357175981,0,35.1,,,,,,,
124.398413542651,359.81457600826,1.59513357175981,0,35.2,,,,,,,
124.395980058398,359.914546394647,1.59513357175981,0,35.3,,,,,,,
124.393546574144,360.014516781034,1.59513357175981,0,35.4,,,,,,,
124.39111308989,360.114487167421,1.59513357175981,0,35.5,,,,,,,
124.388679605636,360.214457553808,1.59513357175981,0,35.6,,,,,,,
124.386246121382,360.314427940195,1.59513357175981,0,35.7,,,,,,,
124.383812637128,360.414398326582,1.59513357175981,0,35.8,,,,,,,
124.381379152875,360.514368712969,1.59513357175981,0,35.9,,,,,,,
124.378945668621,360.614339099357,1.59513357175981,0,36,,,,,,,
124.376512184367,360.714309485744,1.59513357175981,0,36.1,,,,,,,
124.374078700113,360.814279872131,1.59513357175981,0,36.2,,,,,,,
124.371645215859,360.914250258518,1.59513357175981,0,36.3,,,,,,,
124.369211731605,361.014220644905,1.59513357175981,0,36.4,,,,,,,
