2.520444443898,47.06179221294,1.39140403378009,0,0,,123.389888210211,314.339935473976,,120.869443766313,267.278143261036
2.53828760907,47.160187443803,1.39140403378009,0,0.1,,123.407731375383,314.438330704839,,120.869443766313,267.278143261036
2.55613077424201,47.258582674667,1.39140403378009,0,0.2,,123.425574540555,314.536725935703,,120.869443766313,267.278143261036
2.573973939414,47.35697790553,1.39140403378009,0,0.3,,123.443417705727,314.635121166566,,120.869443766313,267.278143261036
2.591817104586,47.455373136393,1.39140403378009,0,0.4,,123.461260870899,314.733516397429,,120.869443766313,267.278143261036
2.60966026975801,47.553768367257,1.39140403378009,0,0.5,,123.479104036071,314.831911628293,,120.869443766313,267.278143261036
2.62750343493001,47.65216359812,1.39140403378009,0,0.6,,123.496947201243,314.930306859156,,120.869443766313,267.278143261036
2.645346600102,47.750558828983,1.39140403378009,0,0.7,,123.514790366415,315.028702090019,,120.869443766313,267.278143261036
2.663189765274,47.848954059847,1.39140403378009,0,0.8,,123.532633531587,315.127097320883,,120.869443766313,267.278143261036
2.68103293044601,47.94734929071,1.39140403378009,0,0.9,,123.550476696759,315.225492551746,,120.869443766313,267.278143261036
2.698876095618,48.045744521573,1.39140403378009,0,1,,123.568319861931,315.323887782609,,120.869443766313,267.278143261036
2.71671926079,48.144139752437,1.39140403378009,0,1.1,,123.586163027103,315.422283013473,,120.869443766313,267.278143261036
2.734562425962,48.2425349833,1.39140403378009,0,1.2,,123.604006192275,315.520678244336,,120.869443766313,267.278143261036
2.75240559113401,48.340930214163,1.39140403378009,0,1.3,,123.621849357447,315.619073475199,,120.869443766313,267.278143261036
2.770248756306,48.439325445026,1.39140403378009,0,1.4,,123.639692522619,315.717468706062,,120.869443766313,267.278143261036
2.788091921478,48.53772067589,1.39140403378009,0,1.5,,123.657535687791,315.815863936926,,120.869443766313,267.278143261036
2.805935086649,48.636115906753,1.39140403378009,0,1.6,,123.675378852962,315.914259167789,,120.869443766313,267.278143261036
2.823778251821,48.734511137616,1.39140403378009,0,1.7,,123.693222018134,316.012654398652,,120.869443766313,267.278143261036
2.84162141699301,48.83290636848,1.39140403378009,0,1.8,,123.711065183306,316.111049629516,,120.869443766313,267.278143261036
2.859464582165,48.931301599343,1.39140403378009,0,1.9,,123.728908348478,316.209444860379,,120.869443766313,267.278143261036
2.877307747337,49.029696830206,1.39140403378009,0,2,,123.74675151365,316.307840091242,,120.869443766313,267.278143261036
2.895150912509,49.12809206107,1.39140403378009,0,2.1,,123.764594678822,316.406235322106,,120.869443766313,267.278143261036
2.91299407768101,49.226487291933,1.39140403378009,0,2.2,,123.782437843994,316.504630552969,,120.869443766313,267.278143261036
2.930837242853,49.324882522796,1.39140403378009,0,2.3,,123.800281009166,316.603025783832,,120.869443766313,267.278143261036
2.948680408025,49.42327775366,1.39140403378009,0,2.4,,123.818124174338,316.701421014696,,120.869443766313,267.278143261036
2.96652357319701,49.521672984523,1.39140403378009,0,2.5,,123.83596733951,316.799816245559,,120.869443766313,267.278143261036
2.984366738369,49.620068215386,1.39140403378009,0,2.6,,123.853810504682,316.898211476422,,120.869443766313,267.278143261036
3.002209903541,49.71846344625,1.39140403378009,0,2.7,,123.871653669854,316.996606707286,,120.869443766313,267.278143261036
3.020053068713,49.816858677113,1.39140403378009,0,2.8,,123.889496835026,317.095001938149,,120.869443766313,267.278143261036
3.03789623388501,49.915253907976,1.39140403378009,0,2.9,,123.907340000198,317.193397169012,,120.869443766313,267.278143261036
3.055739399057,50.01364913884,1.39140403378009,0,3,,123.92518316537,317.291792399876,,120.869443766313,267.278143261036
3.073582564229,50.112044369703,1.39140403378009,0,3.1,,123.943026330542,317.390187630739,,120.869443766313,267.278143261036
3.091425729401,50.210439600566,1.39140403378009,0,3.2,,123.960869495714,317.488582861602,,120.869443766313,267.278143261036
3.10926889457301,50.30883483143,1.39140403378009,0,3.3,,123.978712660886,317.586978092466,,120.869443766313,267.278143261036
3.127112059745,50.407230062293,1.39140403378009,0,3.4,,123.996555826058,317.685373323329,,120.869443766313,267.278143261036
3.144955224917,50.505625293156,1.39140403378009,0,3.5,,124.01439899123,317.783768554192,,120.869443766313,267.278143261036
3.16279839008901,50.604020524019,1.39140403378009,0,3.6,,124.032242156402,317.882163785055,,120.869443766313,267.278143261036
3.180641555261,50.702415754883,1.39140403378009,0,3.7,,124.050085321574,317.980559015919,,120.869443766313,267.278143261036
3.198484720433,50.800810985746,1.39140403378009,0,3.8,,124.067928486746,318.078954246782,,120.869443766313,267.278143261036
3.216327885605,50.899206216609,1.39140403378009,0,3.9,,124.085771651918,318.177349477645,,120.869443766313,267.278143261036
3.23417105077701,50.997601447473,1.39140403378009,0,4,,124.10361481709,318.275744708509,,120.869443766313,267.278143261036
3.252014215949,51.095996678336,1.39140403378009,0,4.1,,124.121457982262,318.374139939372,,120.869443766313,267.278143261036
3.269857381121,51.194391909199,1.39140403378009,0,4.2,,124.139301147434,318.472535170235,,120.869443766313,267.278143261036
3.287700546293,51.292787140063,1.39140403378009,0,4.3,,124.157144312606,318.570930401099,,120.869443766313,267.278143261036
3.30554371146501,51.391182370926,1.39140403378009,0,4.4,,124.174987477778,318.669325631962,,120.869443766313,267.278143261036
3.323386876637,51.489577601789,1.39140403378009,0,4.5,,124.19283064295,318.767720862825,,120.869443766313,267.278143261036
3.341230041808,51.587972832653,1.39140403378009,0,4.6,,124.210673808121,318.866116093689,,120.869443766313,267.278143261036
3.35907320698,51.686368063516,1.39140403378009,0,4.7,,124.228516973293,318.964511324552,,120.869443766313,267.278143261036
3.376916372152,51.784763294379,1.39140403378009,0,4.8,,124.246360138465,319.062906555415,,120.869443766313,267.278143261036
3.39475953732401,51.883158525243,1.39140403378009,0,4.9,,124.264203303637,319.161301786279,,120.869443766313,267.278143261036
3.412602702496,51.981553756106,1.39140403378009,0,5,,124.282046468809,319.259697017142,,120.869443766313,267.278143261036
3.430445867668,52.079948986969,1.39140403378009,0,5.1,,124.299889633981,319.358092248005,,120.869443766313,267.278143261036
3.44828903284001,52.178344217833,1.39140403378009,0,5.2,,124.317732799153,319.456487478869,,120.869443766313,267.278143261036
3.466132198012,52.276739448696,1.39140403378009,0,5.3,,124.335575964325,319.554882709732,,120.869443766313,267.278143261036
3.483975363184,52.375134679559,1.39140403378009,0,5.4,,124.353419129497,319.653277940595,,120.869443766313,267.278143261036
3.501818528356,52.473529910423,1.39140403378009,0,5.5,,124.371262294669,319.751673171459,,120.869443766313,267.278143261036
3.51966169352801,52.571925141286,1.39140403378009,0,5.6,,124.389105459841,319.850068402322,,120.869443766313,267.278143261036
3.5375048587,52.670320372149,1.39140403378009,0,5.7,,124.406948625013,319.948463633185,,120.869443766313,267.278143261036
3.555348023872,52.768715603012,1.39140403378009,0,5.8,,124.424791790185,320.046858864048,,120.869443766313,267.278143261036
3.573191189044,52.867110833876,1.39140403378009,0,5.9,,124.442634955357,320.145254094912,,120.869443766313,267.278143261036
3.59103435421601,52.965506064739,1.39140403378009,0,6,,124.460478120529,320.243649325775,,120.869443766313,267.278143261036
3.608877519388,53.063901295602,1.39140403378009,0,6.1,,124.478321285701,320.342044556638,,120.869443766313,267.278143261036
3.62672068456,53.162296526466,1.39140403378009,0,6.2,,124.496164450873,320.440439787502,,120.869443766313,267.278143261036
3.64456384973201,53.260691757329,1.39140403378009,0,6.3,,124.514007616045,320.538835018365,,120.869443766313,267.278143261036
3.662407014904,53.359086988192,1.39140403378009,0,6.4,,124.531850781217,320.637230249228,,120.869443766313,267.278143261036
3.680250180076,53.457482219056,1.39140403378009,0,6.5,,124.549693946389,320.735625480092,,120.869443766313,267.278143261036
3.698093345248,53.555877449919,1.39140403378009,0,6.6,,124.567537111561,320.834020710955,,120.869443766313,267.278143261036
3.71593651042001,53.654272680782,1.39140403378009,0,6.7,,124.585380276733,320.932415941818,,120.869443766313,267.278143261036
3.733779675592,53.752667911646,1.39140403378009,0,6.8,,124.603223441905,321.030811172682,,120.869443766313,267.278143261036
3.751622840764,53.851063142509,1.39140403378009,0,6.9,,124.621066607077,321.129206403545,,120.869443766313,267.278143261036
3.769466005936,53.949458373372,1.39140403378009,0,7,,124.638909772249,321.227601634408,,120.869443766313,267.278143261036
3.78730917110801,54.047853604236,1.39140403378009,0,7.1,,124.656752937421,321.325996865272,,120.869443766313,267.278143261036
3.80515233628,54.146248835099,1.39140403378009,0,7.2,,124.674596102593,321.424392096135,,120.869443766313,267.278143261036
3.822995501452,54.244644065962,1.39140403378009,0,7.3,,124.692439267765,321.522787326998,,120.869443766313,267.278143261036
3.84083866662401,54.343039296826,1.39140403378009,0,7.4,,124.710282432937,321.621182557862,,120.869443766313,267.278143261036
3.85868183179601,54.441434527689,1.39140403378009,0,7.5,,124.728125598109,321.719577788725,,120.869443766313,267.278143261036
3.876524996968,54.539829758552,1.39140403378009,0,7.6,,124.745968763281,321.817973019588,,120.869443766313,267.278143261036
3.894368162139,54.638224989416,1.39140403378009,0,7.7,,124.763811928452,321.916368250452,,120.869443766313,267.278143261036
3.912211327311,54.736620220279,1.39140403378009,0,7.8,,124.781655093624,322.014763481315,,120.869443766313,267.278143261036
3.93005449248301,54.835015451142,1.39140403378009,0,7.9,,124.799498258796,322.113158712178,,120.869443766313,267.278143261036
3.94789765765501,54.933410682005,1.39140403378009,0,8,,124.817341423968,322.211553943041,,120.869443766313,267.278143261036
3.965740822827,55.031805912869,1.39140403378009,0,8.1,,124.83518458914,322.309949173905,,120.869443766313,267.278143261036
3.983583987999,55.130201143732,1.39140403378009,0,8.2,,124.853027754312,322.408344404768,,120.869443766313,267.278143261036
4.00142715317101,55.228596374595,1.39140403378009,0,8.3,,124.870870919484,322.506739635631,,120.869443766313,267.278143261036
4.019270318343,55.326991605459,1.39140403378009,0,8.4,,124.888714084656,322.605134866495,,120.869443766313,267.278143261036
4.037113483515,55.425386836322,1.39140403378009,0,8.5,,124.906557249828,322.703530097358,,120.869443766313,267.278143261036
4.054956648687,55.523782067185,1.39140403378009,0,8.6,,124.924400415,322.801925328221,,120.869443766313,267.278143261036
4.07279981385901,55.622177298049,1.39140403378009,0,8.7,,124.942243580172,322.900320559085,,120.869443766313,267.278143261036
4.090642979031,55.720572528912,1.39140403378009,0,8.8,,124.960086745344,322.998715789948,,120.869443766313,267.278143261036
4.108486144203,55.818967759775,1.39140403378009,0,8.9,,124.977929910516,323.097111020811,,120.869443766313,267.278143261036
4.12632930937501,55.917362990639,1.39140403378009,0,9,,124.995773075688,323.195506251675,,120.869443766313,267.278143261036
4.14417247454701,56.015758221502,1.39140403378009,0,9.1,,125.01361624086,323.293901482538,,120.869443766313,267.278143261036
4.162015639719,56.114153452365,1.39140403378009,0,9.2,,125.031459406032,323.392296713401,,120.869443766313,267.278143261036
4.179858804891,56.212548683229,1.39140403378009,0,9.3,,125.049302571204,323.490691944265,,120.869443766313,267.278143261036
4.19770197006301,56.310943914092,1.39140403378009,0,9.4,,125.067145736376,323.589087175128,,120.869443766313,267.278143261036
4.215545135235,56.409339144955,1.39140403378009,0,9.5,,125.084988901548,323.687482405991,,120.869443766313,267.278143261036
4.233388300407,56.507734375819,1.39140403378009,0,9.6,,125.10283206672,323.785877636855,,120.869443766313,267.278143261036
4.251231465579,56.606129606682,1.39140403378009,0,9.7,,125.120675231892,323.884272867718,,120.869443766313,267.278143261036
4.26907463075101,56.704524837545,1.39140403378009,0,9.8,,125.138518397064,323.982668098581,,120.869443766313,267.278143261036
4.286917795923,56.802920068409,1.39140403378009,0,9.9,,125.156361562236,324.081063329445,,120.869443766313,267.278143261036
4.304760961095,56.901315299272,1.39140403378009,0,10,,125.174204727408,324.179458560308,,120.869443766313,267.278143261036
4.32260412626701,56.999710530135,1.39140403378009,0,10.1,,125.19204789258,324.277853791171,,120.869443766313,267.278143261036
4.34044729143901,57.098105760999,1.39140403378009,0,10.2,,125.209891057752,324.376249022035,,120.869443766313,267.278143261036
4.358290456611,57.196500991862,1.39140403378009,0,10.3,,125.227734222924,324.474644252898,,120.869443766313,267.278143261036
4.376133621783,57.294896222725,1.39140403378009,0,10.4,,125.245577388096,324.573039483761,,120.869443766313,267.278143261036
4.385556233687,57.346856738964,1.59513357175981,0,0,,125.255,324.625,,120.869443766313,267.278143261036
4.383122749433,57.446827125351,1.59513357175981,0,0.1,,125.252566515746,324.724970386387,,120.869443766313,267.278143261036
4.380689265179,57.546797511738,1.59513357175981,0,0.2,,125.250133031492,324.824940772774,,120.869443766313,267.278143261036
4.378255780925,57.646767898125,1.59513357175981,0,0.3,,125.247699547238,324.924911159161,,120.869443766313,267.278143261036
4.375822296672,57.746738284512,1.59513357175981,0,0.4,,125.245266062985,325.024881545548,,120.869443766313,267.278143261036
4.373388812418,57.846708670899,1.59513357175981,0,0.5,,125.242832578731,325.124851931935,,120.869443766313,267.278143261036
4.370955328164,57.946679057287,1.59513357175981,0,0.6,,125.240399094477,325.224822318323,,120.869443766313,267.278143261036
4.36852184391,58.046649443674,1.59513357175981,0,0.7,,125.237965610223,325.32479270471,,120.869443766313,267.278143261036
4.366088359656,58.146619830061,1.59513357175981,0,0.8,,125.235532125969,325.424763091097,,120.869443766313,267.278143261036
4.363654875403,58.246590216448,1.59513357175981,0,0.9,,125.233098641716,325.524733477484,,120.869443766313,267.278143261036
4.361221391149,58.346560602835,1.59513357175981,0,1,,125.230665157462,325.624703863871,,120.869443766313,267.278143261036
4.358787906895,58.446530989222,1.59513357175981,0,1.1,,125.228231673208,325.724674250258,,120.869443766313,267.278143261036
4.356354422641,58.546501375609,1.59513357175981,0,1.2,,125.225798188954,325.824644636645,,120.869443766313,267.278143261036
4.35392093838701,58.646471761996,1.59513357175981,0,1.3,,125.2233647047,325.924615023032,,120.869443766313,267.278143261036
4.35148745413301,58.746442148383,1.59513357175981,0,1.4,,125.220931220446,326.024585409419,,120.869443766313,267.278143261036
4.34905396988,58.846412534771,1.59513357175981,0,1.5,,125.218497736193,326.124555795807,,120.869443766313,267.278143261036
4.34662048562601,58.946382921158,1.59513357175981,0,1.6,,125.216064251939,326.224526182194,,120.869443766313,267.278143261036
4.34418700137201,59.046353307545,1.59513357175981,0,1.7,,125.213630767685,326.324496568581,,120.869443766313,267.278143261036
4.34175351711801,59.146323693932,1.59513357175981,0,1.8,,125.211197283431,326.424466954968,,120.869443766313,267.278143261036
4.33932003286401,59.246294080319,1.59513357175981,0,1.9,,125.208763799177,326.524437341355,,120.869443766313,267.278143261036
4.33688654861,59.346264466706,1.59513357175981,0,2,,125.206330314923,326.624407727742,,120.869443766313,267.278143261036
4.33445306435701,59.446234853093,1.59513357175981,0,2.1,,125.20389683067,326.724378114129,,120.869443766313,267.278143261036
4.33201958010301,59.54620523948,1.59513357175981,0,2.2,,125.201463346416,326.824348500516,,120.869443766313,267.278143261036
4.32958609584901,59.646175625867,1.59513357175981,0,2.3,,125.199029862162,326.924318886903,,120.869443766313,267.278143261036
4.327152611595,59.746146012254,1.59513357175981,0,2.4,,125.196596377908,327.02428927329,,120.869443766313,267.278143261036
4.324719127341,59.846116398642,1.59513357175981,0,2.5,,125.194162893654,327.124259659678,,120.869443766313,267.278143261036
4.322285643087,59.946086785029,1.59513357175981,0,2.6,,125.1917294094,327.224230046065,,120.869443766313,267.278143261036
4.319852158834,60.046057171416,1.59513357175981,0,2.7,,125.189295925147,327.324200432452,,120.869443766313,267.278143261036
4.31741867458,60.146027557803,1.59513357175981,0,2.8,,125.186862440893,327.424170818839,,120.869443766313,267.278143261036
4.314985190326,60.24599794419,1.59513357175981,0,2.9,,125.184428956639,327.524141205226,,120.869443766313,267.278143261036
4.312551706072,60.345968330577,1.59513357175981,0,3,,125.181995472385,327.624111591613,,120.869443766313,267.278143261036
4.310118221818,60.445938716964,1.59513357175981,0,3.1,,125.179561988131,327.724081978,,120.869443766313,267.278143261036
4.307684737564,60.545909103351,1.59513357175981,0,3.2,,125.177128503877,327.824052364387,,120.869443766313,267.278143261036
4.305251253311,60.645879489738,1.59513357175981,0,3.3,,125.174695019624,327.924022750774,,120.869443766313,267.278143261036
4.302817769057,60.745849876125,1.59513357175981,0,3.4,,125.17226153537,328.023993137161,,120.869443766313,267.278143261036
4.300384284803,60.845820262513,1.59513357175981,0,3.5,,125.169828051116,328.123963523549,,120.869443766313,267.278143261036
4.297950800549,60.9457906489,1.59513357175981,0,3.6,,125.167394566862,328.223933909936,,120.869443766313,267.278143261036
4.295517316295,61.045761035287,1.59513357175981,0,3.7,,125.164961082608,328.323904296323,,120.869443766313,267.278143261036
4.29308383204101,61.145731421674,1.59513357175981,0,3.8,,125.162527598354,328.42387468271,,120.869443766313,267.278143261036
4.290650347788,61.245701808061,1.59513357175981,0,3.9,,125.160094114101,328.523845069097,,120.869443766313,267.278143261036
4.288216863534,61.345672194448,1.59513357175981,0,4,,125.157660629847,328.623815455484,,120.869443766313,267.278143261036
4.28578337928001,61.445642580835,1.59513357175981,0,4.1,,125.155227145593,328.723785841871,,120.869443766313,267.278143261036
4.28334989502601,61.545612967222,1.59513357175981,0,4.2,,125.152793661339,328.823756228258,,120.869443766313,267.278143261036
4.28091641077201,61.645583353609,1.59513357175981,0,4.3,,125.150360177085,328.923726614645,,120.869443766313,267.278143261036
4.27848292651801,61.745553739996,1.59513357175981,0,4.4,,125.147926692831,329.023697001032,,120.869443766313,267.278143261036
4.27604944226501,61.845524126384,1.59513357175981,0,4.5,,125.145493208578,329.12366738742,,120.869443766313,267.278143261036
4.27361595801101,61.945494512771,1.59513357175981,0,4.6,,125.143059724324,329.223637773807,,120.869443766313,267.278143261036
4.27118247375701,62.045464899158,1.59513357175981,0,4.7,,125.14062624007,329.323608160194,,120.869443766313,267.278143261036
4.268748989503,62.145435285545,1.59513357175981,0,4.8,,125.138192755816,329.423578546581,,120.869443766313,267.278143261036
4.266315505249,62.245405671932,1.59513357175981,0,4.9,,125.135759271562,329.523548932968,,120.869443766313,267.278143261036
4.263882020995,62.345376058319,1.59513357175981,0,5,,125.133325787308,329.623519319355,,120.869443766313,267.278143261036
4.26144853674201,62.445346444706,1.59513357175981,0,5.1,,125.130892303055,329.723489705742,,120.869443766313,267.278143261036
4.259015052488,62.545316831093,1.59513357175981,0,5.2,,125.128458818801,329.823460092129,,120.869443766313,267.278143261036
4.256581568234,62.64528721748,1.59513357175981,0,5.3,,125.126025334547,329.923430478516,,120.869443766313,267.278143261036
4.25414808398,62.745257603867,1.59513357175981,0,5.4,,125.123591850293,330.023400864903,,120.869443766313,267.278143261036
4.251714599726,62.845227990255,1.59513357175981,0,5.5,,125.121158366039,330.123371251291,,120.869443766313,267.278143261036
4.249281115472,62.945198376642,1.59513357175981,0,5.6,,125.118724881785,330.223341637678,,120.869443766313,267.278143261036
4.246847631219,63.045168763029,1.59513357175981,0,5.7,,125.116291397532,330.323312024065,,120.869443766313,267.278143261036
4.244414146965,63.145139149416,1.59513357175981,0,5.8,,125.113857913278,330.423282410452,,120.869443766313,267.278143261036
4.241980662711,63.245109535803,1.59513357175981,0,5.9,,125.111424429024,330.523252796839,,120.869443766313,267.278143261036
4.239547178457,63.34507992219,1.59513357175981,0,6,,125.10899094477,330.623223183226,,120.869443766313,267.278143261036
4.237113694203,63.445050308577,1.59513357175981,0,6.1,,125.106557460516,330.723193569613,,120.869443766313,267.278143261036
4.23468020994901,63.545020694964,1.59513357175981,0,6.2,,125.104123976262,330.823163956,,120.869443766313,267.278143261036
4.232246725696,63.644991081351,1.59513357175981,0,6.3,,125.101690492009,330.923134342387,,120.869443766313,267.278143261036
4.229813241442,63.744961467739,1.59513357175981,0,6.4,,125.099257007755,331.023104728775,,120.869443766313,267.278143261036
4.227379757188,63.844931854126,1.59513357175981,0,6.5,,125.096823523501,331.123075115162,,120.869443766313,267.278143261036
4.22494627293401,63.944902240513,1.59513357175981,0,6.6,,125.094390039247,331.223045501549,,120.869443766313,267.278143261036
4.22251278868001,64.0448726269,1.59513357175981,0,6.7,,125.091956554993,331.323015887936,,120.869443766313,267.278143261036
4.22007930442601,64.144843013287,1.59513357175981,0,6.8,,125.089523070739,331.422986274323,,120.869443766313,267.278143261036
4.217645820173,64.244813399674,1.59513357175981,0,6.9,,125.087089586486,331.52295666071,,120.869443766313,267.278143261036
4.21521233591901,64.344783786061,1.59513357175981,0,7,,125.084656102232,331.622927047097,,120.869443766313,267.278143261036
4.21277885166501,64.444754172448,1.59513357175981,0,7.1,,125.082222617978,331.722897433484,,120.869443766313,267.278143261036
4.21034536741101,64.544724558835,1.59513357175981,0,7.2,,125.079789133724,331.822867819871,,120.869443766313,267.278143261036
4.207911883157,64.644694945222,1.59513357175981,0,7.3,,125.07735564947,331.922838206258,,120.869443766313,267.278143261036
4.205478398903,64.744665331609,1.59513357175981,0,7.4,,125.074922165216,332.022808592645,,120.869443766313,267.278143261036
4.20304491465001,64.844635717997,1.59513357175981,0,7.5,,125.072488680963,332.122778979033,,120.869443766313,267.278143261036
4.20061143039601,64.944606104384,1.59513357175981,0,7.6,,125.070055196709,332.22274936542,,120.869443766313,267.278143261036
4.198177946142,65.044576490771,1.59513357175981,0,7.7,,125.067621712455,332.322719751807,,120.869443766313,267.278143261036
4.195744461888,65.144546877158,1.59513357175981,0,7.8,,125.065188228201,332.422690138194,,120.869443766313,267.278143261036
4.193310977634,65.244517263545,1.59513357175981,0,7.9,,125.062754743947,332.522660524581,,120.869443766313,267.278143261036
4.19087749338,65.344487649932,1.59513357175981,0,8,,125.060321259693,332.622630910968,,120.869443766313,267.278143261036
4.188444009127,65.444458036319,1.59513357175981,0,8.1,,125.05788777544,332.722601297355,,120.869443766313,267.278143261036
4.186010524873,65.544428422706,1.59513357175981,0,8.2,,125.055454291186,332.822571683742,,120.869443766313,267.278143261036
4.183577040619,65.644398809093,1.59513357175981,0,8.3,,125.053020806932,332.922542070129,,120.869443766313,267.278143261036
4.181143556365,65.74436919548,1.59513357175981,0,8.4,,125.050587322678,333.022512456516,,120.869443766313,267.278143261036
4.178710072111,65.844339581868,1.59513357175981,0,8.5,,125.048153838424,333.122482842904,,120.869443766313,267.278143261036
4.176276587858,65.944309968255,1.59513357175981,0,8.6,,125.045720354171,333.222453229291,,120.869443766313,267.278143261036
4.173843103604,66.044280354642,1.59513357175981,0,8.7,,125.043286869917,333.322423615678,,120.869443766313,267.278143261036
4.17140961935,66.144250741029,1.59513357175981,0,8.8,,125.040853385663,333.422394002065,,120.869443766313,267.278143261036
4.168976135096,66.244221127416,1.59513357175981,0,8.9,,125.038419901409,333.522364388452,,120.869443766313,267.278143261036
4.166542650842,66.344191513803,1.59513357175981,0,9,,125.035986417155,333.622334774839,,120.869443766313,267.278143261036
4.16410916658801,66.44416190019,1.59513357175981,0,9.1,,125.033552932901,333.722305161226,,120.869443766313,267.278143261036
4.161675682335,66.544132286577,1.59513357175981,0,9.2,,125.031119448648,333.822275547613,,120.869443766313,267.278143261036
4.159242198081,66.644102672964,1.59513357175981,0,9.3,,125.028685964394,333.922245934,,120.869443766313,267.278143261036
4.156808713827,66.744073059352,1.59513357175981,0,9.4,,125.02625248014,334.022216320388,,120.869443766313,267.278143261036
4.15437522957301,66.844043445739,1.59513357175981,0,9.5,,125.023818995886,334.122186706775,,120.869443766313,267.278143261036
4.15194174531901,66.944013832126,1.59513357175981,0,9.6,,125.021385511632,334.222157093162,,120.869443766313,267.278143261036
4.14950826106501,67.043984218513,1.59513357175981,0,9.7,,125.018952027378,334.322127479549,,120.869443766313,267.278143261036
4.14707477681201,67.1439546049,1.59513357175981,0,9.8,,125.016518543125,334.422097865936,,120.869443766313,267.278143261036
4.14464129255801,67.243924991287,1.59513357175981,0,9.9,,125.014085058871,334.522068252323,,120.869443766313,267.278143261036
4.14220780830401,67.343895377674,1.59513357175981,0,10,,125.011651574617,334.62203863871,,120.869443766313,267.278143261036
4.13977432405001,67.443865764061,1.59513357175981,0,10.1,,125.009218090363,334.722009025097,,120.869443766313,267.278143261036
4.137340839796,67.543836150448,1.59513357175981,0,10.2,,125.006784606109,334.821979411484,,120.869443766313,267.278143261036
4.134907355542,67.643806536835,1.59513357175981,0,10.3,,125.004351121855,334.921949797871,,120.869443766313,267.278143261036
4.13247387128901,67.743776923223,1.59513357175981,0,10.4,,125.001917637602,335.021920184259,,120.869443766313,267.278143261036
4.13004038703501,67.84374730961,1.59513357175981,0,10.5,,124.999484153348,335.121890570646,,120.869443766313,267.278143261036
4.127606902781,67.943717695997,1.59513357175981,0,10.6,,124.997050669094,335.221860957033,,120.869443766313,267.278143261036
4.125173418527,68.043688082384,1.59513357175981,0,10.7,,124.99461718484,335.32183134342,,120.869443766313,267.278143261036
4.122739934273,68.143658468771,1.59513357175981,0,10.8,,124.992183700586,335.421801729807,,120.869443766313,267.278143261036
4.120306450019,68.243628855158,1.59513357175981,0,10.9,,124.989750216332,335.521772116194,,120.869443766313,267.278143261036
4.117872965766,68.343599241545,1.59513357175981,0,11,,124.987316732079,335.621742502581,,120.869443766313,267.278143261036
4.115439481512,68.443569627932,1.59513357175981,0,11.1,,124.984883247825,335.721712888968,,120.869443766313,267.278143261036
4.113005997258,68.543540014319,1.59513357175981,0,11.2,,124.982449763571,335.821683275355,,120.869443766313,267.278143261036
4.110572513004,68.643510400706,1.59513357175981,0,11.3,,124.980016279317,335.921653661742,,120.869443766313,267.278143261036
4.10813902875,68.743480787094,1.59513357175981,0,11.4,,124.977582795063,336.02162404813,,120.869443766313,267.278143261036
4.105705544496,68.843451173481,1.59513357175981,0,11.5,,124.975149310809,336.121594434517,,120.869443766313,267.278143261036
4.103272060243,68.943421559868,1.59513357175981,0,11.6,,124.972715826556,336.221564820904,,120.869443766313,267.278143261036
4.100838575989,69.043391946255,1.59513357175981,0,11.7,,124.970282342302,336.321535207291,,120.869443766313,267.278143261036
4.098405091735,69.143362332642,1.59513357175981,0,11.8,,124.967848858048,336.421505593678,,120.869443766313,267.278143261036
4.095971607481,69.243332719029,1.59513357175981,0,11.9,,124.965415373794,336.521475980065,,120.869443766313,267.278143261036
4.09353812322701,69.343303105416,1.59513357175981,0,12,,124.96298188954,336.621446366452,,120.869443766313,267.278143261036
4.09110463897301,69.443273491803,1.59513357175981,0,12.1,,124.960548405286,336.721416752839,,120.869443766313,267.278143261036
4.08867115472,69.54324387819,1.59513357175981,0,12.2,,124.958114921033,336.821387139226,,120.869443766313,267.278143261036
4.08623767046601,69.643214264577,1.59513357175981,0,12.3,,124.955681436779,336.921357525613,,120.869443766313,267.278143261036
4.08380418621201,69.743184650965,1.59513357175981,0,12.4,,124.953247952525,337.021327912001,,120.869443766313,267.278143261036
4.08137070195801,69.843155037352,1.59513357175981,0,12.5,,124.950814468271,337.121298298388,,120.869443766313,267.278143261036
4.07893721770401,69.943125423739,1.59513357175981,0,12.6,,124.948380984017,337.221268684775,,120.869443766313,267.278143261036
4.07650373345,70.043095810126,1.59513357175981,0,12.7,,124.945947499763,337.321239071162,,120.869443766313,267.278143261036
4.07407024919701,70.143066196513,1.59513357175981,0,12.8,,124.94351401551,337.421209457549,,120.869443766313,267.278143261036
4.07163676494301,70.2430365829,1.59513357175981,0,12.9,,124.941080531256,337.521179843936,,120.869443766313,267.278143261036
4.069203280689,70.343006969287,1.59513357175981,0,13,,124.938647047002,337.621150230323,,120.869443766313,267.278143261036
4.066769796435,70.442977355674,1.59513357175981,0,13.1,,124.936213562748,337.72112061671,,120.869443766313,267.278143261036
4.064336312181,70.542947742061,1.59513357175981,0,13.2,,124.933780078494,337.821091003097,,120.869443766313,267.278143261036
4.061902827927,70.642918128449,1.59513357175981,0,13.3,,124.93134659424,337.921061389485,,120.869443766313,267.278143261036
4.059469343674,70.742888514836,1.59513357175981,0,13.4,,124.928913109987,338.021031775872,,120.869443766313,267.278143261036
4.05703585942,70.842858901223,1.59513357175981,0,13.5,,124.926479625733,338.121002162259,,120.869443766313,267.278143261036
4.054602375166,70.94282928761,1.59513357175981,0,13.6,,124.924046141479,338.220972548646,,120.869443766313,267.278143261036
4.052168890912,71.042799673997,1.59513357175981,0,13.7,,124.921612657225,338.320942935033,,120.869443766313,267.278143261036
4.049735406658,71.142770060384,1.59513357175981,0,13.8,,124.919179172971,338.42091332142,,120.869443766313,267.278143261036
4.047301922404,71.242740446771,1.59513357175981,0,13.9,,124.916745688717,338.520883707807,,120.869443766313,267.278143261036
4.044868438151,71.342710833158,1.59513357175981,0,14,,124.914312204464,338.620854094194,,120.869443766313,267.278143261036
4.042434953897,71.442681219545,1.59513357175981,0,14.1,,124.91187872021,338.720824480581,,120.869443766313,267.278143261036
4.040001469643,71.542651605932,1.59513357175981,0,14.2,,124.909445235956,338.820794866968,,120.869443766313,267.278143261036
4.037567985389,71.642621992319,1.59513357175981,0,14.3,,124.907011751702,338.920765253355,,120.869443766313,267.278143261036
4.03513450113501,71.742592378707,1.59513357175981,0,14.4,,124.904578267448,339.020735639743,,120.869443766313,267.278143261036
4.03270101688101,71.842562765094,1.59513357175981,0,14.5,,124.902144783194,339.12070602613,,120.869443766313,267.278143261036
4.030267532628,71.942533151481,1.59513357175981,0,14.6,,124.899711298941,339.220676412517,,120.869443766313,267.278143261036
4.027834048374,72.042503537868,1.59513357175981,0,14.7,,124.897277814687,339.320646798904,,120.869443766313,267.278143261036
4.02540056412001,72.142473924255,1.59513357175981,0,14.8,,124.894844330433,339.420617185291,,120.869443766313,267.278143261036
4.02296707986601,72.242444310642,1.59513357175981,0,14.9,,124.892410846179,339.520587571678,,120.869443766313,267.278143261036
4.02053359561201,72.342414697029,1.59513357175981,0,15,,124.889977361925,339.620557958065,,120.869443766313,267.278143261036
4.01810011135801,72.442385083416,1.59513357175981,0,15.1,,124.887543877671,339.720528344452,,120.869443766313,267.278143261036
4.01566662710501,72.542355469803,1.59513357175981,0,15.2,,124.885110393418,339.820498730839,,120.869443766313,267.278143261036
4.01323314285101,72.64232585619,1.59513357175981,0,15.3,,124.882676909164,339.920469117226,,120.869443766313,267.278143261036
4.01079965859701,72.742296242578,1.59513357175981,0,15.4,,124.88024342491,340.020439503614,,120.869443766313,267.278143261036
4.008366174343,72.842266628965,1.59513357175981,0,15.5,,124.877809940656,340.120409890001,,120.869443766313,267.278143261036
4.005932690089,72.942237015352,1.59513357175981,0,15.6,,124.875376456402,340.220380276388,,120.869443766313,267.278143261036
4.003499205835,73.042207401739,1.59513357175981,0,15.7,,124.872942972148,340.320350662775,,120.869443766313,267.278143261036
4.00106572158201,73.142177788126,1.59513357175981,0,15.8,,124.870509487895,340.420321049162,,120.869443766313,267.278143261036
3.998632237328,73.242148174513,1.59513357175981,0,15.9,,124.868076003641,340.520291435549,,120.869443766313,267.278143261036
3.996198753074,73.3421185609,1.59513357175981,0,16,,124.865642519387,340.620261821936,,120.869443766313,267.278143261036
3.99376526882,73.442088947287,1.59513357175981,0,16.1,,124.863209035133,340.720232208323,,120.869443766313,267.278143261036
3.991331784566,73.542059333674,1.59513357175981,0,16.2,,124.860775550879,340.82020259471,,120.869443766313,267.278143261036
3.988898300313,73.642029720062,1.59513357175981,0,16.3,,124.858342066626,340.920172981098,,120.869443766313,267.278143261036
3.986464816059,73.742000106449,1.59513357175981,0,16.4,,124.855908582372,341.020143367485,,120.869443766313,267.278143261036
3.984031331805,73.841970492836,1.59513357175981,0,16.5,,124.853475098118,341.120113753872,,120.869443766313,267.278143261036
3.981597847551,73.941940879223,1.59513357175981,0,16.6,,124.851041613864,341.220084140259,,120.869443766313,267.278143261036
3.979164363297,74.04191126561,1.59513357175981,0,16.7,,124.84860812961,341.320054526646,,120.869443766313,267.278143261036
3.976730879043,74.141881651997,1.59513357175981,0,16.8,,124.846174645356,341.420024913033,,120.869443766313,267.278143261036
3.97429739479,74.241852038384,1.59513357175981,0,16.9,,124.843741161103,341.51999529942,,120.869443766313,267.278143261036
3.971863910536,74.341822424771,1.59513357175981,0,17,,124.841307676849,341.619965685807,,120.869443766313,267.278143261036
3.969430426282,74.441792811158,1.59513357175981,0,17.1,,124.838874192595,341.719936072194,,120.869443766313,267.278143261036
3.966996942028,74.541763197545,1.59513357175981,0,17.2,,124.836440708341,341.819906458581,,120.869443766313,267.278143261036
3.96456345777401,74.641733583933,1.59513357175981,0,17.3,,124.834007224087,341.919876844969,,120.869443766313,267.278143261036
3.96212997352001,74.74170397032,1.59513357175981,0,17.4,,124.831573739833,342.019847231356,,120.869443766313,267.278143261036
3.959696489267,74.841674356707,1.59513357175981,0,17.5,,124.82914025558,342.119817617743,,120.869443766313,267.278143261036
3.957263005013,74.941644743094,1.59513357175981,0,17.6,,124.826706771326,342.21978800413,,120.869443766313,267.278143261036
3.95482952075901,75.041615129481,1.59513357175981,0,17.7,,124.824273287072,342.319758390517,,120.869443766313,267.278143261036
3.95239603650501,75.141585515868,1.59513357175981,0,17.8,,124.821839802818,342.419728776904,,120.869443766313,267.278143261036
3.94996255225101,75.241555902255,1.59513357175981,0,17.9,,124.819406318564,342.519699163291,,120.869443766313,267.278143261036
3.947529067997,75.341526288642,1.59513357175981,0,18,,124.81697283431,342.619669549678,,120.869443766313,267.278143261036
3.94509558374401,75.441496675029,1.59513357175981,0,18.1,,124.814539350057,342.719639936065,,120.869443766313,267.278143261036
3.94266209949001,75.541467061416,1.59513357175981,0,18.2,,124.812105865803,342.819610322452,,120.869443766313,267.278143261036
3.94022861523601,75.641437447804,1.59513357175981,0,18.3,,124.809672381549,342.91958070884,,120.869443766313,267.278143261036
3.937795130982,75.741407834191,1.59513357175981,0,18.4,,124.807238897295,343.019551095227,,120.869443766313,267.278143261036
3.935361646728,75.841378220578,1.59513357175981,0,18.5,,124.804805413041,343.119521481614,,120.869443766313,267.278143261036
3.932928162474,75.941348606965,1.59513357175981,0,18.6,,124.802371928787,343.219491868001,,120.869443766313,267.278143261036
3.93049467822101,76.041318993352,1.59513357175981,0,18.7,,124.799938444534,343.319462254388,,120.869443766313,267.278143261036
3.928061193967,76.141289379739,1.59513357175981,0,18.8,,124.79750496028,343.419432640775,,120.869443766313,267.278143261036
3.925627709713,76.241259766126,1.59513357175981,0,18.9,,124.795071476026,343.519403027162,,120.869443766313,267.278143261036
3.923194225459,76.341230152513,1.59513357175981,0,19,,124.792637991772,343.619373413549,,120.869443766313,267.278143261036
3.920760741205,76.4412005389,1.59513357175981,0,19.1,,124.790204507518,343.719343799936,,120.869443766313,267.278143261036
3.918327256951,76.541170925287,1.59513357175981,0,19.2,,124.787771023264,343.819314186323,,120.869443766313,267.278143261036
3.915893772698,76.641141311675,1.59513357175981,0,19.3,,124.785337539011,343.919284572711,,120.869443766313,267.278143261036
3.913460288444,76.741111698062,1.59513357175981,0,19.4,,124.782904054757,344.019254959098,,120.869443766313,267.278143261036
3.91102680419,76.841082084449,1.59513357175981,0,19.5,,124.780470570503,344.119225345485,,120.869443766313,267.278143261036
3.908593319936,76.941052470836,1.59513357175981,0,19.6,,124.778037086249,344.219195731872,,120.869443766313,267.278143261036
3.906159835682,77.041022857223,1.59513357175981,0,19.7,,124.775603601995,344.319166118259,,120.869443766313,267.278143261036
3.90372635142801,77.14099324361,1.59513357175981,0,19.8,,124.773170117741,344.419136504646,,120.869443766313,267.278143261036
3.901292867175,77.240963629997,1.59513357175981,0,19.9,,124.770736633488,344.519106891033,,120.869443766313,267.278143261036
3.898859382921,77.340934016384,1.59513357175981,0,20,,124.768303149234,344.61907727742,,120.869443766313,267.278143261036
3.896425898667,77.440904402771,1.59513357175981,0,20.1,,124.76586966498,344.719047663807,,120.869443766313,267.278143261036
3.89399241441301,77.540874789158,1.59513357175981,0,20.2,,124.763436180726,344.819018050194,,120.869443766313,267.278143261036
3.89155893015901,77.640845175546,1.59513357175981,0,20.3,,124.761002696472,344.918988436582,,120.869443766313,267.278143261036
3.88912544590501,77.740815561933,1.59513357175981,0,20.4,,124.758569212218,345.018958822969,,120.869443766313,267.278143261036
3.88669196165201,77.84078594832,1.59513357175981,0,20.5,,124.756135727965,345.118929209356,,120.869443766313,267.278143261036
3.88425847739801,77.940756334707,1.59513357175981,0,20.6,,124.753702243711,345.218899595743,,120.869443766313,267.278143261036
3.88182499314401,78.040726721094,1.59513357175981,0,20.7,,124.751268759457,345.31886998213,,120.869443766313,267.278143261036
3.87939150889001,78.140697107481,1.59513357175981,0,20.8,,124.748835275203,345.418840368517,,120.869443766313,267.278143261036
3.876958024636,78.240667493868,1.59513357175981,0,20.9,,124.746401790949,345.518810754904,,120.869443766313,267.278143261036
3.874524540382,78.340637880255,1.59513357175981,0,21,,124.743968306695,345.618781141291,,120.869443766313,267.278143261036
3.87209105612901,78.440608266642,1.59513357175981,0,21.1,,124.741534822442,345.718751527678,,120.869443766313,267.278143261036
3.869657571875,78.540578653029,1.59513357175981,0,21.2,,124.739101338188,345.818721914065,,120.869443766313,267.278143261036
3.867224087621,78.640549039417,1.59513357175981,0,21.3,,124.736667853934,345.918692300453,,120.869443766313,267.278143261036
3.864790603367,78.740519425804,1.59513357175981,0,21.4,,124.73423436968,346.01866268684,,120.869443766313,267.278143261036
3.862357119113,78.840489812191,1.59513357175981,0,21.5,,124.731800885426,346.118633073227,,120.869443766313,267.278143261036
3.859923634859,78.940460198578,1.59513357175981,0,21.6,,124.729367401172,346.218603459614,,120.869443766313,267.278143261036
3.857490150606,79.040430584965,1.59513357175981,0,21.7,,124.726933916919,346.318573846001,,120.869443766313,267.278143261036
3.855056666352,79.140400971352,1.59513357175981,0,21.8,,124.724500432665,346.418544232388,,120.869443766313,267.278143261036
3.852623182098,79.240371357739,1.59513357175981,0,21.9,,124.722066948411,346.518514618775,,120.869443766313,267.278143261036
3.850189697844,79.340341744126,1.59513357175981,0,22,,124.719633464157,346.618485005162,,120.869443766313,267.278143261036
3.84775621359,79.440312130513,1.59513357175981,0,22.1,,124.717199979903,346.718455391549,,120.869443766313,267.278143261036
3.845322729336,79.5402825169,1.59513357175981,0,22.2,,124.714766495649,346.818425777936,,120.869443766313,267.278143261036
3.842889245083,79.640252903288,1.59513357175981,0,22.3,,124.712333011396,346.918396164324,,120.869443766313,267.278143261036
3.840455760829,79.740223289675,1.59513357175981,0,22.4,,124.709899527142,347.018366550711,,120.869443766313,267.278143261036
3.838022276575,79.840193676062,1.59513357175981,0,22.5,,124.707466042888,347.118336937098,,120.869443766313,267.278143261036
3.835588792321,79.940164062449,1.59513357175981,0,22.6,,124.705032558634,347.218307323485,,120.869443766313,267.278143261036
3.83315530806701,80.040134448836,1.59513357175981,0,22.7,,124.70259907438,347.318277709872,,120.869443766313,267.278143261036
3.83072182381301,80.140104835223,1.59513357175981,0,22.8,,124.700165590126,347.418248096259,,120.869443766313,267.278143261036
3.82828833956,80.24007522161,1.59513357175981,0,22.9,,124.697732105873,347.518218482646,,120.869443766313,267.278143261036
3.82585485530601,80.340045607997,1.59513357175981,0,23,,124.695298621619,347.618188869033,,120.869443766313,267.278143261036
3.82342137105201,80.440015994384,1.59513357175981,0,23.1,,124.692865137365,347.71815925542,,120.869443766313,267.278143261036
3.82098788679801,80.539986380772,1.59513357175981,0,23.2,,124.690431653111,347.818129641808,,120.869443766313,267.278143261036
3.81855440254401,80.639956767159,1.59513357175981,0,23.3,,124.687998168857,347.918100028195,,120.869443766313,267.278143261036
3.81612091829,80.739927153546,1.59513357175981,0,23.4,,124.685564684603,348.018070414582,,120.869443766313,267.278143261036
3.81368743403701,80.839897539933,1.59513357175981,0,23.5,,124.68313120035,348.118040800969,,120.869443766313,267.278143261036
3.81125394978301,80.93986792632,1.59513357175981,0,23.6,,124.680697716096,348.218011187356,,120.869443766313,267.278143261036
3.808820465529,81.039838312707,1.59513357175981,0,23.7,,124.678264231842,348.317981573743,,120.869443766313,267.278143261036
3.806386981275,81.139808699094,1.59513357175981,0,23.8,,124.675830747588,348.41795196013,,120.869443766313,267.278143261036
3.803953497021,81.239779085481,1.59513357175981,0,23.9,,124.673397263334,348.517922346517,,120.869443766313,267.278143261036
3.80152001276801,81.339749471868,1.59513357175981,0,24,,124.670963779081,348.617892732904,,120.869443766313,267.278143261036
3.799086528514,81.439719858255,1.59513357175981,0,24.1,,124.668530294827,348.717863119291,,120.869443766313,267.278143261036
3.79665304426,81.539690244643,1.59513357175981,0,24.2,,124.666096810573,348.817833505679,,120.869443766313,267.278143261036
3.794219560006,81.63966063103,1.59513357175981,0,24.3,,124.663663326319,348.917803892066,,120.869443766313,267.278143261036
3.791786075752,81.739631017417,1.59513357175981,0,24.4,,124.661229842065,349.017774278453,,120.869443766313,267.278143261036
3.789352591498,81.839601403804,1.59513357175981,0,24.5,,124.658796357811,349.11774466484,,120.869443766313,267.278143261036
3.786919107245,81.939571790191,1.59513357175981,0,24.6,,124.656362873558,349.217715051227,,120.869443766313,267.278143261036
3.784485622991,82.039542176578,1.59513357175981,0,24.7,,124.653929389304,349.317685437614,,120.869443766313,267.278143261036
3.782052138737,82.139512562965,1.59513357175981,0,24.8,,124.65149590505,349.417655824001,,120.869443766313,267.278143261036
3.779618654483,82.239482949352,1.59513357175981,0,24.9,,124.649062420796,349.517626210388,,120.869443766313,267.278143261036
3.777185170229,82.339453335739,1.59513357175981,0,25,,124.646628936542,349.617596596775,,120.869443766313,267.278143261036
3.774751685975,82.439423722126,1.59513357175981,0,25.1,,124.644195452288,349.717566983162,,120.869443766313,267.278143261036
3.772318201722,82.539394108514,1.59513357175981,0,25.2,,124.641761968035,349.81753736955,,120.869443766313,267.278143261036
3.769884717468,82.639364494901,1.59513357175981,0,25.3,,124.639328483781,349.917507755937,,120.869443766313,267.278143261036
3.767451233214,82.739334881288,1.59513357175981,0,25.4,,124.636894999527,350.017478142324,,120.869443766313,267.278143261036
3.76501774896001,82.839305267675,1.59513357175981,0,25.5,,124.634461515273,350.117448528711,,120.869443766313,267.278143261036
3.76258426470601,82.939275654062,1.59513357175981,0,25.6,,124.632028031019,350.217418915098,,120.869443766313,267.278143261036
3.76015078045201,83.039246040449,1.59513357175981,0,25.7,,124.629594546765,350.317389301485,,120.869443766313,267.278143261036
3.757717296199,83.139216426836,1.59513357175981,0,25.8,,124.627161062512,350.417359687872,,120.869443766313,267.278143261036
3.75528381194501,83.239186813223,1.59513357175981,0,25.9,,124.624727578258,350.517330074259,,120.869443766313,267.278143261036
3.75285032769101,83.33915719961,1.59513357175981,0,26,,124.622294094004,350.617300460646,,120.869443766313,267.278143261036
3.75041684343701,83.439127585997,1.59513357175981,0,26.1,,124.61986060975,350.717270847033,,120.869443766313,267.278143261036
3.747983359183,83.539097972385,1.59513357175981,0,26.2,,124.617427125496,350.817241233421,,120.869443766313,267.278143261036
3.745549874929,83.639068358772,1.59513357175981,0,26.3,,124.614993641242,350.917211619808,,120.869443766313,267.278143261036
3.74311639067601,83.739038745159,1.59513357175981,0,26.4,,124.612560156989,351.017182006195,,120.869443766313,267.278143261036
3.74068290642201,83.839009131546,1.59513357175981,0,26.5,,124.610126672735,351.117152392582,,120.869443766313,267.278143261036
3.738249422168,83.938979517933,1.59513357175981,0,26.6,,124.607693188481,351.217122778969,,120.869443766313,267.278143261036
3.735815937914,84.03894990432,1.59513357175981,0,26.7,,124.605259704227,351.317093165356,,120.869443766313,267.278143261036
3.73338245366,84.138920290707,1.59513357175981,0,26.8,,124.602826219973,351.417063551743,,120.869443766313,267.278143261036
3.730948969406,84.238890677094,1.59513357175981,0,26.9,,124.600392735719,351.51703393813,,120.869443766313,267.278143261036
3.728515485153,84.338861063481,1.59513357175981,0,27,,124.597959251466,351.617004324517,,120.869443766313,267.278143261036
3.726082000899,84.438831449868,1.59513357175981,0,27.1,,124.595525767212,351.716974710904,,120.869443766313,267.278143261036
3.723648516645,84.538801836256,1.59513357175981,0,27.2,,124.593092282958,351.816945097292,,120.869443766313,267.278143261036
3.721215032391,84.638772222643,1.59513357175981,0,27.3,,124.590658798704,351.916915483679,,120.869443766313,267.278143261036
3.718781548137,84.73874260903,1.59513357175981,0,27.4,,124.58822531445,352.016885870066,,120.869443766313,267.278143261036
3.716348063883,84.838712995417,1.59513357175981,0,27.5,,124.585791830196,352.116856256453,,120.869443766313,267.278143261036
3.71391457963,84.938683381804,1.59513357175981,0,27.6,,124.583358345943,352.21682664284,,120.869443766313,267.278143261036
3.711481095376,85.038653768191,1.59513357175981,0,27.7,,124.580924861689,352.316797029227,,120.869443766313,267.278143261036
3.709047611122,85.138624154578,1.59513357175981,0,27.8,,124.578491377435,352.416767415614,,120.869443766313,267.278143261036
3.706614126868,85.238594540965,1.59513357175981,0,27.9,,124.576057893181,352.516737802001,,120.869443766313,267.278143261036
3.70418064261401,85.338564927352,1.59513357175981,0,28,,124.573624408927,352.616708188388,,120.869443766313,267.278143261036
3.70174715836001,85.438535313739,1.59513357175981,0,28.1,,124.571190924673,352.716678574775,,120.869443766313,267.278143261036
3.699313674107,85.538505700127,1.59513357175981,0,28.2,,124.56875744042,352.816648961163,,120.869443766313,267.278143261036
3.696880189853,85.638476086514,1.59513357175981,0,28.3,,124.566323956166,352.91661934755,,120.869443766313,267.278143261036
3.69444670559901,85.738446472901,1.59513357175981,0,28.4,,124.563890471912,353.016589733937,,120.869443766313,267.278143261036
3.69201322134501,85.838416859288,1.59513357175981,0,28.5,,124.561456987658,353.116560120324,,120.869443766313,267.278143261036
3.68957973709101,85.938387245675,1.59513357175981,0,28.6,,124.559023503404,353.216530506711,,120.869443766313,267.278143261036
3.687146252837,86.038357632062,1.59513357175981,0,28.7,,124.55659001915,353.316500893098,,120.869443766313,267.278143261036
3.68471276858401,86.138328018449,1.59513357175981,0,28.8,,124.554156534897,353.416471279485,,120.869443766313,267.278143261036
3.68227928433001,86.238298404836,1.59513357175981,0,28.9,,124.551723050643,353.516441665872,,120.869443766313,267.278143261036
3.67984580007601,86.338268791223,1.59513357175981,0,29,,124.549289566389,353.616412052259,,120.869443766313,267.278143261036
3.677412315822,86.438239177611,1.59513357175981,0,29.1,,124.546856082135,353.716382438647,,120.869443766313,267.278143261036
3.674978831568,86.538209563998,1.59513357175981,0,29.2,,124.544422597881,353.816352825034,,120.869443766313,267.278143261036
3.672545347314,86.638179950385,1.59513357175981,0,29.3,,124.541989113627,353.916323211421,,120.869443766313,267.278143261036
3.67011186306101,86.738150336772,1.59513357175981,0,29.4,,124.539555629374,354.016293597808,,120.869443766313,267.278143261036
3.667678378807,86.838120723159,1.59513357175981,0,29.5,,124.53712214512,354.116263984195,,120.869443766313,267.278143261036
3.665244894553,86.938091109546,1.59513357175981,0,29.6,,124.534688660866,354.216234370582,,120.869443766313,267.278143261036
3.662811410299,87.038061495933,1.59513357175981,0,29.7,,124.532255176612,354.316204756969,,120.869443766313,267.278143261036
3.660377926045,87.13803188232,1.59513357175981,0,29.8,,124.529821692358,354.416175143356,,120.869443766313,267.278143261036
3.657944441791,87.238002268707,1.59513357175981,0,29.9,,124.527388208104,354.516145529743,,120.869443766313,267.278143261036
3.655510957538,87.337972655094,1.59513357175981,0,30,,124.524954723851,354.61611591613,,120.869443766313,267.278143261036
3.653077473284,87.437943041482,1.59513357175981,0,30.1,,124.522521239597,354.716086302518,,120.869443766313,267.278143261036
3.65064398903,87.537913427869,1.59513357175981,0,30.2,,124.520087755343,354.816056688905,,120.869443766313,267.278143261036
3.648210504776,87.637883814256,1.59513357175981,0,30.3,,124.517654271089,354.916027075292,,120.869443766313,267.278143261036
3.645777020522,87.737854200643,1.59513357175981,0,30.4,,124.515220786835,355.015997461679,,120.869443766313,267.278143261036
3.64334353626801,87.83782458703,1.59513357175981,0,30.5,,124.512787302581,355.115967848066,,120.869443766313,267.278143261036
3.640910052015,87.937794973417,1.59513357175981,0,30.6,,124.510353818328,355.215938234453,,120.869443766313,267.278143261036
3.638476567761,88.037765359804,1.59513357175981,0,30.7,,124.507920334074,355.31590862084,,120.869443766313,267.278143261036
3.636043083507,88.137735746191,1.59513357175981,0,30.8,,124.50548684982,355.415879007227,,120.869443766313,267.278143261036
3.63360959925301,88.237706132578,1.59513357175981,0,30.9,,124.503053365566,355.515849393614,,120.869443766313,267.278143261036
3.63117611499901,88.337676518965,1.59513357175981,0,31,,124.500619881312,355.615819780001,,120.869443766313,267.278143261036
3.62874263074501,88.437646905353,1.59513357175981,0,31.1,,124.498186397058,355.715790166389,,120.869443766313,267.278143261036
3.62630914649201,88.53761729174,1.59513357175981,0,31.2,,124.495752912805,355.815760552776,,120.869443766313,267.278143261036
3.62387566223801,88.637587678127,1.59513357175981,0,31.3,,124.493319428551,355.915730939163,,120.869443766313,267.278143261036
3.62144217798401,88.737558064514,1.59513357175981,0,31.4,,124.490885944297,356.01570132555,,120.869443766313,267.278143261036
3.61900869373001,88.837528450901,1.59513357175981,0,31.5,,124.488452460043,356.115671711937,,120.869443766313,267.278143261036
3.616575209476,88.937498837288,1.59513357175981,0,31.6,,124.486018975789,356.215642098324,,120.869443766313,267.278143261036
3.614141725222,89.037469223675,1.59513357175981,0,31.7,,124.483585491535,356.315612484711,,120.869443766313,267.278143261036
3.61170824096901,89.137439610062,1.59513357175981,0,31.8,,124.481152007282,356.415582871098,,120.869443766313,267.278143261036
3.609274756715,89.237409996449,1.59513357175981,0,31.9,,124.478718523028,356.515553257485,,120.869443766313,267.278143261036
3.606841272461,89.337380382836,1.59513357175981,0,32,,124.476285038774,356.615523643872,,120.869443766313,267.278143261036
3.604407788207,89.437350769224,1.59513357175981,0,32.1,,124.47385155452,356.71549403026,,120.869443766313,267.278143261036
3.601974303953,89.537321155611,1.59513357175981,0,32.2,,124.471418070266,356.815464416647,,120.869443766313,267.278143261036
3.599540819699,89.637291541998,1.59513357175981,0,32.3,,124.468984586012,356.915434803034,,120.869443766313,267.278143261036
3.597107335446,89.737261928385,1.59513357175981,0,32.4,,124.466551101759,357.015405189421,,120.869443766313,267.278143261036
3.594673851192,89.837232314772,1.59513357175981,0,32.5,,124.464117617505,357.115375575808,,120.869443766313,267.278143261036
3.592240366938,89.937202701159,1.59513357175981,0,32.6,,124.461684133251,357.215345962195,,120.869443766313,267.278143261036
3.589806882684,90.037173087546,1.59513357175981,0,32.7,,124.459250648997,357.315316348582,,120.869443766313,267.278143261036
3.58737339843,90.137143473933,1.59513357175981,0,32.8,,124.456817164743,357.415286734969,,120.869443766313,267.278143261036
3.584939914176,90.23711386032,1.59513357175981,0,32.9,,124.454383680489,357.515257121356,,120.869443766313,267.278143261036
3.582506429923,90.337084246707,1.59513357175981,0,33,,124.451950196236,357.615227507743,,120.869443766313,267.278143261036
3.580072945669,90.437054633095,1.59513357175981,0,33.1,,124.449516711982,357.715197894131,,120.869443766313,267.278143261036
3.577639461415,90.537025019482,1.59513357175981,0,33.2,,124.447083227728,357.815168280518,,120.869443766313,267.278143261036
3.575205977161,90.636995405869,1.59513357175981,0,33.3,,124.444649743474,357.915138666905,,120.869443766313,267.278143261036
3.57277249290701,90.736965792256,1.59513357175981,0,33.4,,124.44221625922,358.015109053292,,120.869443766313,267.278143261036
3.570339008654,90.836936178643,1.59513357175981,0,33.5,,124.439782774967,358.115079439679,,120.869443766313,267.278143261036
3.5679055244,90.93690656503,1.59513357175981,0,33.6,,124.437349290713,358.215049826066,,120.869443766313,267.278143261036
3.56547204014601,91.036876951417,1.59513357175981,0,33.7,,124.434915806459,358.315020212453,,120.869443766313,267.278143261036
3.56303855589201,91.136847337804,1.59513357175981,0,33.8,,124.432482322205,358.41499059884,,120.869443766313,267.278143261036
3.56060507163801,91.236817724191,1.59513357175981,0,33.9,,124.430048837951,358.514960985227,,120.869443766313,267.278143261036
3.55817158738401,91.336788110578,1.59513357175981,0,34,,124.427615353697,358.614931371614,,120.869443766313,267.278143261036
3.55573810313101,91.436758496966,1.59513357175981,0,34.1,,124.425181869444,358.714901758002,,120.869443766313,267.278143261036
3.55330461887701,91.536728883353,1.59513357175981,0,34.2,,124.42274838519,358.814872144389,,120.869443766313,267.278143261036
3.55087113462301,91.63669926974,1.59513357175981,0,34.3,,124.420314900936,358.914842530776,,120.869443766313,267.278143261036
3.548437650369,91.736669656127,1.59513357175981,0,34.4,,124.417881416682,359.014812917163,,120.869443766313,267.278143261036
3.546004166115,91.836640042514,1.59513357175981,0,34.5,,124.415447932428,359.11478330355,,120.869443766313,267.278143261036
3.543570681861,91.936610428901,1.59513357175981,0,34.6,,124.413014448174,359.214753689937,,120.869443766313,267.278143261036
3.54113719760801,92.036580815288,1.59513357175981,0,34.7,,124.410580963921,359.314724076324,,120.869443766313,267.278143261036
3.538703713354,92.136551201675,1.59513357175981,0,34.8,,124.408147479667,359.414694462711,,120.869443766313,267.278143261036
3.5362702291,92.236521588062,1.59513357175981,0,34.9,,124.405713995413,359.514664849098,,120.869443766313,267.278143261036
3.533836744846,92.336491974449,1.59513357175981,0,35,,124.403280511159,359.614635235485,,120.869443766313,267.278143261036
3.531403260592,92.436462360837,1.59513357175981,0,35.1,,124.400847026905,359.714605621873,,120.869443766313,267.278143261036
3.528969776338,92.536432747224,1.59513357175981,0,35.2,,124.398413542651,359.81457600826,,120.869443766313,267.278143261036
3.526536292085,92.636403133611,1.59513357175981,0,35.3,,124.395980058398,359.914546394647,,120.869443766313,267.278143261036
3.524102807831,92.736373519998,1.59513357175981,0,35.4,,124.393546574144,360.014516781034,,120.869443766313,267.278143261036
3.521669323577,92.836343906385,1.59513357175981,0,35.5,,124.39111308989,360.114487167421,,120.869443766313,267.278143261036
3.519235839323,92.936314292772,1.59513357175981,0,35.6,,124.388679605636,360.214457553808,,120.869443766313,267.278143261036
3.516802355069,93.036284679159,1.59513357175981,0,35.7,,124.386246121382,360.314427940195,,120.869443766313,267.278143261036
3.51436887081501,93.136255065546,1.59513357175981,0,35.8,,124.383812637128,360.414398326582,,120.869443766313,267.278143261036
3.511935386562,93.236225451933,1.59513357175981,0,35.9,,124.381379152875,360.514368712969,,120.869443766313,267.278143261036
3.509501902308,93.336195838321,1.59513357175981,0,36,,124.378945668621,360.614339099357,,120.869443766313,267.278143261036
3.507068418054,93.436166224708,1.59513357175981,0,36.1,,124.376512184367,360.714309485744,,120.869443766313,267.278143261036
3.50463493380001,93.536136611095,1.59513357175981,0,36.2,,124.374078700113,360.814279872131,,120.869443766313,267.278143261036
3.50220144954601,93.636106997482,1.59513357175981,0,36.3,,124.371645215859,360.914250258518,,120.869443766313,267.278143261036
3.49976796529201,93.736077383869,1.59513357175981,0,36.4,,124.369211731605,361.014220644905,,120.869443766313,267.278143261036
