0.008290422640997,4.29999202475199,1.36074702612243,0,0,,,120.877734188954,271.578135285788,,,120.869443766313,267.278143261036
0.029141234358008,4.39779408838399,1.36074702612243,0,0.1,,,120.898585000671,271.67593734942,,,120.869443766313,267.278143261036
0.049992046076,4.49559615201599,1.36074702612243,0,0.2,,,120.919435812389,271.773739413052,,,120.869443766313,267.278143261036
0.070842857792997,4.59339821564902,1.36074702612243,0,0.3,,,120.940286624106,271.871541476685,,,120.869443766313,267.278143261036
0.091693669511003,4.69120027928102,1.36074702612243,0,0.4,,,120.961137435824,271.969343540317,,,120.869443766313,267.278143261036
0.112544481227999,4.78900234291297,1.36074702612243,0,0.5,,,120.981988247541,272.067145603949,,,120.869443766313,267.278143261036
0.133395292946005,4.88680440654497,1.36074702612243,0,0.6,,,121.002839059259,272.164947667581,,,120.869443766313,267.278143261036
0.154246104663002,4.98460647017799,1.36074702612243,0,0.7,,,121.023689870976,272.262749731214,,,120.869443766313,267.278143261036
0.175096916381008,5.08240853381,1.36074702612243,0,0.8,,,121.044540682694,272.360551794846,,,120.869443766313,267.278143261036
0.195947728098005,5.180210597442,1.36074702612243,0,0.9,,,121.065391494411,272.458353858478,,,120.869443766313,267.278143261036
0.216798539815997,5.278012661074,1.36074702612243,0,1,,,121.086242306129,272.55615592211,,,120.869443766313,267.278143261036
0.237649351533008,5.37581472470697,1.36074702612243,0,1.1,,,121.107093117846,272.653957985743,,,120.869443766313,267.278143261036
0.258500163250005,5.47361678833897,1.36074702612243,0,1.2,,,121.127943929563,272.751760049375,,,120.869443766313,267.278143261036
0.279350974967997,5.57141885197098,1.36074702612243,0,1.3,,,121.148794741281,272.849562113007,,,120.869443766313,267.278143261036
0.300201786685008,5.66922091560298,1.36074702612243,0,1.4,,,121.169645552998,272.947364176639,,,120.869443766313,267.278143261036
0.321052598403,5.76702297923498,1.36074702612243,0,1.5,,,121.190496364716,273.045166240271,,,120.869443766313,267.278143261036
0.341903410119997,5.86482504286801,1.36074702612243,0,1.6,,,121.211347176433,273.142968303904,,,120.869443766313,267.278143261036
0.362754221838003,5.96262710650001,1.36074702612243,0,1.7,,,121.232197988151,273.240770367536,,,120.869443766313,267.278143261036
0.383605033555,6.06042917013201,1.36074702612243,0,1.8,,,121.253048799868,273.338572431168,,,120.869443766313,267.278143261036
0.404455845273006,6.15823123376401,1.36074702612243,0,1.9,,,121.273899611586,273.4363744948,,,120.869443766313,267.278143261036
0.425306656990003,6.25603329739698,1.36074702612243,0,2,,,121.294750423303,273.534176558433,,,120.869443766313,267.278143261036
0.446157468708009,6.35383536102898,1.36074702612243,0,2.1,,,121.315601235021,273.631978622065,,,120.869443766313,267.278143261036
0.467008280425006,6.45163742466099,1.36074702612243,0,2.2,,,121.336452046738,273.729780685697,,,120.869443766313,267.278143261036
0.487859092142003,6.54943948829299,1.36074702612243,0,2.3,,,121.357302858455,273.827582749329,,,120.869443766313,267.278143261036
0.508709903860009,6.64724155192602,1.36074702612243,0,2.4,,,121.378153670173,273.925384812962,,,120.869443766313,267.278143261036
0.529560715577006,6.74504361555802,1.36074702612243,0,2.5,,,121.39900448189,274.023186876594,,,120.869443766313,267.278143261036
0.550411527294997,6.84284567919002,1.36074702612243,0,2.6,,,121.419855293608,274.120988940226,,,120.869443766313,267.278143261036
0.571262339012009,6.94064774282197,1.36074702612243,0,2.7,,,121.440706105325,274.218791003858,,,120.869443766313,267.278143261036
0.59211315073,7.03844980645397,1.36074702612243,0,2.8,,,121.461556917043,274.31659306749,,,120.869443766313,267.278143261036
0.612963962446997,7.13625187008699,1.36074702612243,0,2.9,,,121.48240772876,274.414395131123,,,120.869443766313,267.278143261036
0.633814774165003,7.234053933719,1.36074702612243,0,3,,,121.503258540478,274.512197194755,,,120.869443766313,267.278143261036
0.654665585882,7.331855997351,1.36074702612243,0,3.1,,,121.524109352195,274.609999258387,,,120.869443766313,267.278143261036
0.675516397600006,7.429658060983,1.36074702612243,0,3.2,,,121.544960163913,274.707801322019,,,120.869443766313,267.278143261036
0.696367209317003,7.52746012461597,1.36074702612243,0,3.3,,,121.56581097563,274.805603385652,,,120.869443766313,267.278143261036
0.717218021034,7.62526218824797,1.36074702612243,0,3.4,,,121.586661787347,274.903405449284,,,120.869443766313,267.278143261036
0.738068832752006,7.72306425187998,1.36074702612243,0,3.5,,,121.607512599065,275.001207512916,,,120.869443766313,267.278143261036
0.758919644469003,7.82086631551198,1.36074702612243,0,3.6,,,121.628363410782,275.099009576548,,,120.869443766313,267.278143261036
0.779770456187009,7.918668379145,1.36074702612243,0,3.7,,,121.6492142225,275.196811640181,,,120.869443766313,267.278143261036
0.800621267904006,8.01647044277701,1.36074702612243,0,3.8,,,121.670065034217,275.294613703813,,,120.869443766313,267.278143261036
0.821472079621998,8.11427250640901,1.36074702612243,0,3.9,,,121.690915845935,275.392415767445,,,120.869443766313,267.278143261036
0.842322891339009,8.21207457004101,1.36074702612243,0,4,,,121.711766657652,275.490217831077,,,120.869443766313,267.278143261036
0.863173703057001,8.30987663367398,1.36074702612243,0,4.1,,,121.73261746937,275.58801989471,,,120.869443766313,267.278143261036
0.884024514773998,8.40767869730598,1.36074702612243,0,4.2,,,121.753468281087,275.685821958342,,,120.869443766313,267.278143261036
0.904875326491009,8.50548076093799,1.36074702612243,0,4.3,,,121.774319092804,275.783624021974,,,120.869443766313,267.278143261036
0.925726138209001,8.60328282456999,1.36074702612243,0,4.4,,,121.795169904522,275.881426085606,,,120.869443766313,267.278143261036
0.946576949925998,8.70108488820199,1.36074702612243,0,4.5,,,121.816020716239,275.979228149238,,,120.869443766313,267.278143261036
0.967427761644004,8.79888695183502,1.36074702612243,0,4.6,,,121.836871527957,276.077030212871,,,120.869443766313,267.278143261036
0.988278573361001,8.89668901546702,1.36074702612243,0,4.7,,,121.857722339674,276.174832276503,,,120.869443766313,267.278143261036
1.00912938507901,8.99449107909902,1.36074702612243,0,4.8,,,121.878573151392,276.272634340135,,,120.869443766313,267.278143261036
1.029980196796,9.09229314273097,1.36074702612243,0,4.9,,,121.899423963109,276.370436403767,,,120.869443766313,267.278143261036
1.050831008514,9.19009520636399,1.36074702612243,0,5,,,121.920274774827,276.4682384674,,,120.869443766313,267.278143261036
1.07168182023101,9.28789726999599,1.36074702612243,0,5.1,,,121.941125586544,276.566040531032,,,120.869443766313,267.278143261036
1.092532631949,9.385699333628,1.36074702612243,0,5.2,,,121.961976398262,276.663842594664,,,120.869443766313,267.278143261036
1.11338344366601,9.48350139726,1.36074702612243,0,5.3,,,121.982827209979,276.761644658296,,,120.869443766313,267.278143261036
1.13423425538301,9.58130346089297,1.36074702612243,0,5.4,,,122.003678021696,276.859446721929,,,120.869443766313,267.278143261036
1.155085067101,9.67910552452497,1.36074702612243,0,5.5,,,122.024528833414,276.957248785561,,,120.869443766313,267.278143261036
1.17593587881801,9.77690758815697,1.36074702612243,0,5.6,,,122.045379645131,277.055050849193,,,120.869443766313,267.278143261036
1.196786690536,9.87470965178898,1.36074702612243,0,5.7,,,122.066230456849,277.152852912825,,,120.869443766313,267.278143261036
1.217637502253,9.97251171542098,1.36074702612243,0,5.8,,,122.087081268566,277.250654976457,,,120.869443766313,267.278143261036
1.238488313971,10.070313779054,1.36074702612243,0,5.9,,,122.107932080284,277.34845704009,,,120.869443766313,267.278143261036
1.259339125688,10.168115842686,1.36074702612243,0,6,,,122.128782892001,277.446259103722,,,120.869443766313,267.278143261036
1.28018993740601,10.265917906318,1.36074702612243,0,6.1,,,122.149633703719,277.544061167354,,,120.869443766313,267.278143261036
1.301040749123,10.36371996995,1.36074702612243,0,6.2,,,122.170484515436,277.641863230986,,,120.869443766313,267.278143261036
1.321891560841,10.461522033583,1.36074702612243,0,6.3,,,122.191335327154,277.739665294619,,,120.869443766313,267.278143261036
1.34274237255801,10.559324097215,1.36074702612243,0,6.4,,,122.212186138871,277.837467358251,,,120.869443766313,267.278143261036
1.363593184275,10.657126160847,1.36074702612243,0,6.5,,,122.233036950588,277.935269421883,,,120.869443766313,267.278143261036
1.384443995993,10.754928224479,1.36074702612243,0,6.6,,,122.253887762306,278.033071485515,,,120.869443766313,267.278143261036
1.40529480771001,10.852730288112,1.36074702612243,0,6.7,,,122.274738574023,278.130873549148,,,120.869443766313,267.278143261036
1.426145619428,10.950532351744,1.36074702612243,0,6.8,,,122.295589385741,278.22867561278,,,120.869443766313,267.278143261036
1.446996431145,11.048334415376,1.36074702612243,0,6.9,,,122.316440197458,278.326477676412,,,120.869443766313,267.278143261036
1.467847242863,11.146136479008,1.36074702612243,0,7,,,122.337291009176,278.424279740044,,,120.869443766313,267.278143261036
1.48869805458,11.243938542641,1.36074702612243,0,7.1,,,122.358141820893,278.522081803677,,,120.869443766313,267.278143261036
1.509548866298,11.341740606273,1.36074702612243,0,7.2,,,122.378992632611,278.619883867309,,,120.869443766313,267.278143261036
1.530399678015,11.439542669905,1.36074702612243,0,7.3,,,122.399843444328,278.717685930941,,,120.869443766313,267.278143261036
1.55125048973301,11.537344733537,1.36074702612243,0,7.4,,,122.420694256046,278.815487994573,,,120.869443766313,267.278143261036
1.57210130145,11.635146797169,1.36074702612243,0,7.5,,,122.441545067763,278.913290058205,,,120.869443766313,267.278143261036
1.592952113167,11.732948860802,1.36074702612243,0,7.6,,,122.46239587948,279.011092121838,,,120.869443766313,267.278143261036
1.61380292488501,11.830750924434,1.36074702612243,0,7.7,,,122.483246691198,279.10889418547,,,120.869443766313,267.278143261036
1.634653736602,11.928552988066,1.36074702612243,0,7.8,,,122.504097502915,279.206696249102,,,120.869443766313,267.278143261036
1.65550454832,12.026355051698,1.36074702612243,0,7.9,,,122.524948314633,279.304498312734,,,120.869443766313,267.278143261036
1.67635536003701,12.124157115331,1.36074702612243,0,8,,,122.54579912635,279.402300376367,,,120.869443766313,267.278143261036
1.697206171755,12.221959178963,1.36074702612243,0,8.1,,,122.566649938068,279.500102439999,,,120.869443766313,267.278143261036
1.718056983472,12.319761242595,1.36074702612243,0,8.2,,,122.587500749785,279.597904503631,,,120.869443766313,267.278143261036
1.73890779519,12.417563306227,1.36074702612243,0,8.3,,,122.608351561503,279.695706567263,,,120.869443766313,267.278143261036
1.759758606907,12.51536536986,1.36074702612243,0,8.4,,,122.62920237322,279.793508630896,,,120.869443766313,267.278143261036
1.78060941862501,12.613167433492,1.36074702612243,0,8.5,,,122.650053184938,279.891310694528,,,120.869443766313,267.278143261036
1.801460230342,12.710969497124,1.36074702612243,0,8.6,,,122.670903996655,279.98911275816,,,120.869443766313,267.278143261036
1.822311042059,12.808771560756,1.36074702612243,0,8.7,,,122.691754808372,280.086914821792,,,120.869443766313,267.278143261036
1.84316185377701,12.906573624389,1.36074702612243,0,8.8,,,122.71260562009,280.184716885425,,,120.869443766313,267.278143261036
1.864012665494,13.004375688021,1.36074702612243,0,8.9,,,122.733456431807,280.282518949057,,,120.869443766313,267.278143261036
1.88486347721201,13.102177751653,1.36074702612243,0,9,,,122.754307243525,280.380321012689,,,120.869443766313,267.278143261036
1.90571428892901,13.199979815285,1.36074702612243,0,9.1,,,122.775158055242,280.478123076321,,,120.869443766313,267.278143261036
1.926565100647,13.297781878917,1.36074702612243,0,9.2,,,122.79600886696,280.575925139953,,,120.869443766313,267.278143261036
1.94741591236401,13.39558394255,1.36074702612243,0,9.3,,,122.816859678677,280.673727203586,,,120.869443766313,267.278143261036
1.968266724082,13.493386006182,1.36074702612243,0,9.4,,,122.837710490395,280.771529267218,,,120.869443766313,267.278143261036
1.989117535799,13.591188069814,1.36074702612243,0,9.5,,,122.858561302112,280.86933133085,,,120.869443766313,267.278143261036
2.00996834751601,13.688990133446,1.36074702612243,0,9.6,,,122.879412113829,280.967133394482,,,120.869443766313,267.278143261036
2.030819159234,13.786792197079,1.36074702612243,0,9.7,,,122.900262925547,281.064935458115,,,120.869443766313,267.278143261036
2.051669970951,13.884594260711,1.36074702612243,0,9.8,,,122.921113737264,281.162737521747,,,120.869443766313,267.278143261036
2.072520782669,13.982396324343,1.36074702612243,0,9.9,,,122.941964548982,281.260539585379,,,120.869443766313,267.278143261036
2.093371594386,14.080198387975,1.36074702612243,0,10,,,122.962815360699,281.358341649011,,,120.869443766313,267.278143261036
2.11422240610401,14.178000451607,1.36074702612243,0,10.1,,,122.983666172417,281.456143712643,,,120.869443766313,267.278143261036
2.135073217821,14.27580251524,1.36074702612243,0,10.2,,,123.004516984134,281.553945776276,,,120.869443766313,267.278143261036
2.15592402953901,14.373604578872,1.36074702612243,0,10.3,,,123.025367795852,281.651747839908,,,120.869443766313,267.278143261036
2.168556233687,14.432856738964,1.46882445814921,0,0,,,123.038,281.711,,,120.869443766313,267.278143261036
2.178735757567,14.532337276224,1.46882445814921,0,0.1,,,123.04817952388,281.81048053726,,,120.869443766313,267.278143261036
2.18891528144701,14.631817813484,1.46882445814921,0,0.2,,,123.05835904776,281.90996107452,,,120.869443766313,267.278143261036
2.199094805328,14.731298350744,1.46882445814921,0,0.3,,,123.068538571641,282.00944161178,,,120.869443766313,267.278143261036
2.209274329208,14.830778888005,1.46882445814921,0,0.4,,,123.078718095521,282.108922149041,,,120.869443766313,267.278143261036
2.219453853088,14.930259425265,1.46882445814921,0,0.5,,,123.088897619401,282.208402686301,,,120.869443766313,267.278143261036
2.229633376968,15.029739962525,1.46882445814921,0,0.6,,,123.099077143281,282.307883223561,,,120.869443766313,267.278143261036
2.23981290084801,15.129220499785,1.46882445814921,0,0.7,,,123.109256667161,282.407363760821,,,120.869443766313,267.278143261036
2.24999242472801,15.228701037045,1.46882445814921,0,0.8,,,123.119436191041,282.506844298081,,,120.869443766313,267.278143261036
2.260171948609,15.328181574306,1.46882445814921,0,0.9,,,123.129615714922,282.606324835342,,,120.869443766313,267.278143261036
2.270351472489,15.427662111566,1.46882445814921,0,1,,,123.139795238802,282.705805372602,,,120.869443766313,267.278143261036
2.28053099636901,15.527142648826,1.46882445814921,0,1.1,,,123.149974762682,282.805285909862,,,120.869443766313,267.278143261036
2.29071052024901,15.626623186086,1.46882445814921,0,1.2,,,123.160154286562,282.904766447122,,,120.869443766313,267.278143261036
2.30089004412901,15.726103723346,1.46882445814921,0,1.3,,,123.170333810442,283.004246984382,,,120.869443766313,267.278143261036
2.31106956801,15.825584260606,1.46882445814921,0,1.4,,,123.180513334323,283.103727521642,,,120.869443766313,267.278143261036
2.32124909189,15.925064797867,1.46882445814921,0,1.5,,,123.190692858203,283.203208058903,,,120.869443766313,267.278143261036
2.33142861577001,16.024545335127,1.46882445814921,0,1.6,,,123.200872382083,283.302688596163,,,120.869443766313,267.278143261036
2.34160813965001,16.124025872387,1.46882445814921,0,1.7,,,123.211051905963,283.402169133423,,,120.869443766313,267.278143261036
2.35178766353,16.223506409647,1.46882445814921,0,1.8,,,123.221231429843,283.501649670683,,,120.869443766313,267.278143261036
2.36196718741,16.322986946907,1.46882445814921,0,1.9,,,123.231410953723,283.601130207943,,,120.869443766313,267.278143261036
2.37214671129101,16.422467484167,1.46882445814921,0,2,,,123.241590477604,283.700610745203,,,120.869443766313,267.278143261036
2.38232623517101,16.521948021428,1.46882445814921,0,2.1,,,123.251770001484,283.800091282464,,,120.869443766313,267.278143261036
2.392505759051,16.621428558688,1.46882445814921,0,2.2,,,123.261949525364,283.899571819724,,,120.869443766313,267.278143261036
2.402685282931,16.720909095948,1.46882445814921,0,2.3,,,123.272129049244,283.999052356984,,,120.869443766313,267.278143261036
2.412864806811,16.820389633208,1.46882445814921,0,2.4,,,123.282308573124,284.098532894244,,,120.869443766313,267.278143261036
2.42304433069201,16.919870170468,1.46882445814921,0,2.5,,,123.292488097005,284.198013431504,,,120.869443766313,267.278143261036
2.43322385457201,17.019350707728,1.46882445814921,0,2.6,,,123.302667620885,284.297493968764,,,120.869443766313,267.278143261036
2.443403378452,17.118831244989,1.46882445814921,0,2.7,,,123.312847144765,284.396974506025,,,120.869443766313,267.278143261036
2.453582902332,17.218311782249,1.46882445814921,0,2.8,,,123.323026668645,284.496455043285,,,120.869443766313,267.278143261036
2.463762426212,17.317792319509,1.46882445814921,0,2.9,,,123.333206192525,284.595935580545,,,120.869443766313,267.278143261036
2.473941950092,17.417272856769,1.46882445814921,0,3,,,123.343385716405,284.695416117805,,,120.869443766313,267.278143261036
2.484121473973,17.516753394029,1.46882445814921,0,3.1,,,123.353565240286,284.794896655065,,,120.869443766313,267.278143261036
2.494300997853,17.61623393129,1.46882445814921,0,3.2,,,123.363744764166,284.894377192326,,,120.869443766313,267.278143261036
2.504480521733,17.71571446855,1.46882445814921,0,3.3,,,123.373924288046,284.993857729586,,,120.869443766313,267.278143261036
2.514660045613,17.81519500581,1.46882445814921,0,3.4,,,123.384103811926,285.093338266846,,,120.869443766313,267.278143261036
2.524839569493,17.91467554307,1.46882445814921,0,3.5,,,123.394283335806,285.192818804106,,,120.869443766313,267.278143261036
2.535019093374,18.01415608033,1.46882445814921,0,3.6,,,123.404462859687,285.292299341366,,,120.869443766313,267.278143261036
2.545198617254,18.11363661759,1.46882445814921,0,3.7,,,123.414642383567,285.391779878626,,,120.869443766313,267.278143261036
2.555378141134,18.213117154851,1.46882445814921,0,3.8,,,123.424821907447,285.491260415887,,,120.869443766313,267.278143261036
2.565557665014,18.312597692111,1.46882445814921,0,3.9,,,123.435001431327,285.590740953147,,,120.869443766313,267.278143261036
2.575737188894,18.412078229371,1.46882445814921,0,4,,,123.445180955207,285.690221490407,,,120.869443766313,267.278143261036
2.58591671277401,18.511558766631,1.46882445814921,0,4.1,,,123.455360479087,285.789702027667,,,120.869443766313,267.278143261036
2.596096236655,18.611039303891,1.46882445814921,0,4.2,,,123.465540002968,285.889182564927,,,120.869443766313,267.278143261036
2.606275760535,18.710519841151,1.46882445814921,0,4.3,,,123.475719526848,285.988663102187,,,120.869443766313,267.278143261036
2.616455284415,18.810000378412,1.46882445814921,0,4.4,,,123.485899050728,286.088143639448,,,120.869443766313,267.278143261036
2.62663480829501,18.909480915672,1.46882445814921,0,4.5,,,123.496078574608,286.187624176708,,,120.869443766313,267.278143261036
2.63681433217501,19.008961452932,1.46882445814921,0,4.6,,,123.506258098488,286.287104713968,,,120.869443766313,267.278143261036
2.646993856056,19.108441990192,1.46882445814921,0,4.7,,,123.516437622369,286.386585251228,,,120.869443766313,267.278143261036
2.657173379936,19.207922527452,1.46882445814921,0,4.8,,,123.526617146249,286.486065788488,,,120.869443766313,267.278143261036
2.667352903816,19.307403064712,1.46882445814921,0,4.9,,,123.536796670129,286.585546325748,,,120.869443766313,267.278143261036
2.67753242769601,19.406883601973,1.46882445814921,0,5,,,123.546976194009,286.685026863009,,,120.869443766313,267.278143261036
2.68771195157601,19.506364139233,1.46882445814921,0,5.1,,,123.557155717889,286.784507400269,,,120.869443766313,267.278143261036
2.697891475456,19.605844676493,1.46882445814921,0,5.2,,,123.567335241769,286.883987937529,,,120.869443766313,267.278143261036
2.708070999337,19.705325213753,1.46882445814921,0,5.3,,,123.57751476565,286.983468474789,,,120.869443766313,267.278143261036
2.71825052321701,19.804805751013,1.46882445814921,0,5.4,,,123.58769428953,287.082949012049,,,120.869443766313,267.278143261036
2.72843004709701,19.904286288274,1.46882445814921,0,5.5,,,123.59787381341,287.18242954931,,,120.869443766313,267.278143261036
2.738609570977,20.003766825534,1.46882445814921,0,5.6,,,123.60805333729,287.28191008657,,,120.869443766313,267.278143261036
2.748789094857,20.103247362794,1.46882445814921,0,5.7,,,123.61823286117,287.38139062383,,,120.869443766313,267.278143261036
2.75896861873801,20.202727900054,1.46882445814921,0,5.8,,,123.628412385051,287.48087116109,,,120.869443766313,267.278143261036
2.76914814261801,20.302208437314,1.46882445814921,0,5.9,,,123.638591908931,287.58035169835,,,120.869443766313,267.278143261036
2.77932766649801,20.401688974574,1.46882445814921,0,6,,,123.648771432811,287.67983223561,,,120.869443766313,267.278143261036
2.789507190378,20.501169511835,1.46882445814921,0,6.1,,,123.658950956691,287.779312772871,,,120.869443766313,267.278143261036
2.799686714258,20.600650049095,1.46882445814921,0,6.2,,,123.669130480571,287.878793310131,,,120.869443766313,267.278143261036
2.809866238138,20.700130586355,1.46882445814921,0,6.3,,,123.679310004451,287.978273847391,,,120.869443766313,267.278143261036
2.82004576201901,20.799611123615,1.46882445814921,0,6.4,,,123.689489528332,288.077754384651,,,120.869443766313,267.278143261036
2.830225285899,20.899091660875,1.46882445814921,0,6.5,,,123.699669052212,288.177234921911,,,120.869443766313,267.278143261036
2.840404809779,20.998572198135,1.46882445814921,0,6.6,,,123.709848576092,288.276715459171,,,120.869443766313,267.278143261036
2.850584333659,21.098052735396,1.46882445814921,0,6.7,,,123.720028099972,288.376195996432,,,120.869443766313,267.278143261036
2.860763857539,21.197533272656,1.46882445814921,0,6.8,,,123.730207623852,288.475676533692,,,120.869443766313,267.278143261036
2.87094338142001,21.297013809916,1.46882445814921,0,6.9,,,123.740387147733,288.575157070952,,,120.869443766313,267.278143261036
2.8811229053,21.396494347176,1.46882445814921,0,7,,,123.750566671613,288.674637608212,,,120.869443766313,267.278143261036
2.89130242918,21.495974884436,1.46882445814921,0,7.1,,,123.760746195493,288.774118145472,,,120.869443766313,267.278143261036
2.90148195306,21.595455421697,1.46882445814921,0,7.2,,,123.770925719373,288.873598682733,,,120.869443766313,267.278143261036
2.91166147694,21.694935958957,1.46882445814921,0,7.3,,,123.781105243253,288.973079219993,,,120.869443766313,267.278143261036
2.92184100082001,21.794416496217,1.46882445814921,0,7.4,,,123.791284767133,289.072559757253,,,120.869443766313,267.278143261036
2.932020524701,21.893897033477,1.46882445814921,0,7.5,,,123.801464291014,289.172040294513,,,120.869443766313,267.278143261036
2.942200048581,21.993377570737,1.46882445814921,0,7.6,,,123.811643814894,289.271520831773,,,120.869443766313,267.278143261036
2.952379572461,22.092858107997,1.46882445814921,0,7.7,,,123.821823338774,289.371001369033,,,120.869443766313,267.278143261036
2.962559096341,22.192338645258,1.46882445814921,0,7.8,,,123.832002862654,289.470481906294,,,120.869443766313,267.278143261036
2.97273862022101,22.291819182518,1.46882445814921,0,7.9,,,123.842182386534,289.569962443554,,,120.869443766313,267.278143261036
2.982918144102,22.391299719778,1.46882445814921,0,8,,,123.852361910415,289.669442980814,,,120.869443766313,267.278143261036
2.993097667982,22.490780257038,1.46882445814921,0,8.1,,,123.862541434295,289.768923518074,,,120.869443766313,267.278143261036
3.003277191862,22.590260794298,1.46882445814921,0,8.2,,,123.872720958175,289.868404055334,,,120.869443766313,267.278143261036
3.01345671574201,22.689741331558,1.46882445814921,0,8.3,,,123.882900482055,289.967884592594,,,120.869443766313,267.278143261036
3.02363623962201,22.789221868819,1.46882445814921,0,8.4,,,123.893080005935,290.067365129855,,,120.869443766313,267.278143261036
3.03381576350201,22.888702406079,1.46882445814921,0,8.5,,,123.903259529815,290.166845667115,,,120.869443766313,267.278143261036
3.043995287383,22.988182943339,1.46882445814921,0,8.6,,,123.913439053696,290.266326204375,,,120.869443766313,267.278143261036
3.054174811263,23.087663480599,1.46882445814921,0,8.7,,,123.923618577576,290.365806741635,,,120.869443766313,267.278143261036
3.06435433514301,23.187144017859,1.46882445814921,0,8.8,,,123.933798101456,290.465287278895,,,120.869443766313,267.278143261036
3.07453385902301,23.286624555119,1.46882445814921,0,8.9,,,123.943977625336,290.564767816155,,,120.869443766313,267.278143261036
3.084713382903,23.38610509238,1.46882445814921,0,9,,,123.954157149216,290.664248353416,,,120.869443766313,267.278143261036
3.094892906784,23.48558562964,1.46882445814921,0,9.1,,,123.964336673097,290.763728890676,,,120.869443766313,267.278143261036
3.10507243066401,23.5850661669,1.46882445814921,0,9.2,,,123.974516196977,290.863209427936,,,120.869443766313,267.278143261036
3.11525195454401,23.68454670416,1.46882445814921,0,9.3,,,123.984695720857,290.962689965196,,,120.869443766313,267.278143261036
3.12543147842401,23.78402724142,1.46882445814921,0,9.4,,,123.994875244737,291.062170502456,,,120.869443766313,267.278143261036
3.135611002304,23.88350777868,1.46882445814921,0,9.5,,,124.005054768617,291.161651039716,,,120.869443766313,267.278143261036
3.145790526184,23.982988315941,1.46882445814921,0,9.6,,,124.015234292497,291.261131576977,,,120.869443766313,267.278143261036
3.15597005006501,24.082468853201,1.46882445814921,0,9.7,,,124.025413816378,291.360612114237,,,120.869443766313,267.278143261036
3.16614957394501,24.181949390461,1.46882445814921,0,9.8,,,124.035593340258,291.460092651497,,,120.869443766313,267.278143261036
3.176329097825,24.281429927721,1.46882445814921,0,9.9,,,124.045772864138,291.559573188757,,,120.869443766313,267.278143261036
3.186508621705,24.380910464981,1.46882445814921,0,10,,,124.055952388018,291.659053726017,,,120.869443766313,267.278143261036
3.196688145585,24.480391002242,1.46882445814921,0,10.1,,,124.066131911898,291.758534263278,,,120.869443766313,267.278143261036
3.20686766946601,24.579871539502,1.46882445814921,0,10.2,,,124.076311435779,291.858014800538,,,120.869443766313,267.278143261036
3.217047193346,24.679352076762,1.46882445814921,0,10.3,,,124.086490959659,291.957495337798,,,120.869443766313,267.278143261036
3.227226717226,24.778832614022,1.46882445814921,0,10.4,,,124.096670483539,292.056975875058,,,120.869443766313,267.278143261036
3.237406241106,24.878313151282,1.46882445814921,0,10.5,,,124.106850007419,292.156456412318,,,120.869443766313,267.278143261036
3.247585764986,24.977793688542,1.46882445814921,0,10.6,,,124.117029531299,292.255936949578,,,120.869443766313,267.278143261036
3.257765288866,25.077274225803,1.46882445814921,0,10.7,,,124.127209055179,292.355417486839,,,120.869443766313,267.278143261036
3.267944812747,25.176754763063,1.46882445814921,0,10.8,,,124.13738857906,292.454898024099,,,120.869443766313,267.278143261036
3.278124336627,25.276235300323,1.46882445814921,0,10.9,,,124.14756810294,292.554378561359,,,120.869443766313,267.278143261036
3.288303860507,25.375715837583,1.46882445814921,0,11,,,124.15774762682,292.653859098619,,,120.869443766313,267.278143261036
3.298483384387,25.475196374843,1.46882445814921,0,11.1,,,124.1679271507,292.753339635879,,,120.869443766313,267.278143261036
3.308662908267,25.574676912103,1.46882445814921,0,11.2,,,124.17810667458,292.852820173139,,,120.869443766313,267.278143261036
3.318842432148,25.674157449364,1.46882445814921,0,11.3,,,124.188286198461,292.9523007104,,,120.869443766313,267.278143261036
3.329021956028,25.773637986624,1.46882445814921,0,11.4,,,124.198465722341,293.05178124766,,,120.869443766313,267.278143261036
3.339201479908,25.873118523884,1.46882445814921,0,11.5,,,124.208645246221,293.15126178492,,,120.869443766313,267.278143261036
3.349381003788,25.972599061144,1.46882445814921,0,11.6,,,124.218824770101,293.25074232218,,,120.869443766313,267.278143261036
3.35956052766801,26.072079598404,1.46882445814921,0,11.7,,,124.229004293981,293.35022285944,,,120.869443766313,267.278143261036
3.369740051549,26.171560135665,1.46882445814921,0,11.8,,,124.239183817862,293.449703396701,,,120.869443766313,267.278143261036
3.379919575429,26.271040672925,1.46882445814921,0,11.9,,,124.249363341742,293.549183933961,,,120.869443766313,267.278143261036
3.390099099309,26.370521210185,1.46882445814921,0,12,,,124.259542865622,293.648664471221,,,120.869443766313,267.278143261036
3.400278623189,26.470001747445,1.46882445814921,0,12.1,,,124.269722389502,293.748145008481,,,120.869443766313,267.278143261036
3.41045814706901,26.569482284705,1.46882445814921,0,12.2,,,124.279901913382,293.847625545741,,,120.869443766313,267.278143261036
3.42063767094901,26.668962821965,1.46882445814921,0,12.3,,,124.290081437262,293.947106083001,,,120.869443766313,267.278143261036
3.43081719483,26.768443359226,1.46882445814921,0,12.4,,,124.300260961143,294.046586620262,,,120.869443766313,267.278143261036
3.44099671871,26.867923896486,1.46882445814921,0,12.5,,,124.310440485023,294.146067157522,,,120.869443766313,267.278143261036
3.45117624259001,26.967404433746,1.46882445814921,0,12.6,,,124.320620008903,294.245547694782,,,120.869443766313,267.278143261036
3.46135576647001,27.066884971006,1.46882445814921,0,12.7,,,124.330799532783,294.345028232042,,,120.869443766313,267.278143261036
3.47153529035,27.166365508266,1.46882445814921,0,12.8,,,124.340979056663,294.444508769302,,,120.869443766313,267.278143261036
3.481714814231,27.265846045526,1.46882445814921,0,12.9,,,124.351158580544,294.543989306562,,,120.869443766313,267.278143261036
3.491894338111,27.365326582787,1.46882445814921,0,13,,,124.361338104424,294.643469843823,,,120.869443766313,267.278143261036
3.50207386199101,27.464807120047,1.46882445814921,0,13.1,,,124.371517628304,294.742950381083,,,120.869443766313,267.278143261036
3.51225338587101,27.564287657307,1.46882445814921,0,13.2,,,124.381697152184,294.842430918343,,,120.869443766313,267.278143261036
3.522432909751,27.663768194567,1.46882445814921,0,13.3,,,124.391876676064,294.941911455603,,,120.869443766313,267.278143261036
3.532612433631,27.763248731827,1.46882445814921,0,13.4,,,124.402056199944,295.041391992863,,,120.869443766313,267.278143261036
3.54279195751201,27.862729269087,1.46882445814921,0,13.5,,,124.412235723825,295.140872530123,,,120.869443766313,267.278143261036
3.55297148139201,27.962209806348,1.46882445814921,0,13.6,,,124.422415247705,295.240353067384,,,120.869443766313,267.278143261036
3.563151005272,28.061690343608,1.46882445814921,0,13.7,,,124.432594771585,295.339833604644,,,120.869443766313,267.278143261036
3.573330529152,28.161170880868,1.46882445814921,0,13.8,,,124.442774295465,295.439314141904,,,120.869443766313,267.278143261036
3.583510053032,28.260651418128,1.46882445814921,0,13.9,,,124.452953819345,295.538794679164,,,120.869443766313,267.278143261036
3.59368957691301,28.360131955388,1.46882445814921,0,14,,,124.463133343226,295.638275216424,,,120.869443766313,267.278143261036
3.60386910079301,28.459612492648,1.46882445814921,0,14.1,,,124.473312867106,295.737755753684,,,120.869443766313,267.278143261036
3.614048624673,28.559093029909,1.46882445814921,0,14.2,,,124.483492390986,295.837236290945,,,120.869443766313,267.278143261036
3.624228148553,28.658573567169,1.46882445814921,0,14.3,,,124.493671914866,295.936716828205,,,120.869443766313,267.278143261036
3.634407672433,28.758054104429,1.46882445814921,0,14.4,,,124.503851438746,296.036197365465,,,120.869443766313,267.278143261036
3.644587196313,28.857534641689,1.46882445814921,0,14.5,,,124.514030962626,296.135677902725,,,120.869443766313,267.278143261036
3.654766720194,28.957015178949,1.46882445814921,0,14.6,,,124.524210486507,296.235158439985,,,120.869443766313,267.278143261036
3.664946244074,29.05649571621,1.46882445814921,0,14.7,,,124.534390010387,296.334638977246,,,120.869443766313,267.278143261036
3.675125767954,29.15597625347,1.46882445814921,0,14.8,,,124.544569534267,296.434119514506,,,120.869443766313,267.278143261036
3.685305291834,29.25545679073,1.46882445814921,0,14.9,,,124.554749058147,296.533600051766,,,120.869443766313,267.278143261036
3.695484815714,29.35493732799,1.46882445814921,0,15,,,124.564928582027,296.633080589026,,,120.869443766313,267.278143261036
3.705664339595,29.45441786525,1.46882445814921,0,15.1,,,124.575108105908,296.732561126286,,,120.869443766313,267.278143261036
3.715843863475,29.55389840251,1.46882445814921,0,15.2,,,124.585287629788,296.832041663546,,,120.869443766313,267.278143261036
3.726023387355,29.653378939771,1.46882445814921,0,15.3,,,124.595467153668,296.931522200807,,,120.869443766313,267.278143261036
3.736202911235,29.752859477031,1.46882445814921,0,15.4,,,124.605646677548,297.031002738067,,,120.869443766313,267.278143261036
3.74638243511501,29.852340014291,1.46882445814921,0,15.5,,,124.615826201428,297.130483275327,,,120.869443766313,267.278143261036
3.75656195899501,29.951820551551,1.46882445814921,0,15.6,,,124.626005725308,297.229963812587,,,120.869443766313,267.278143261036
3.766741482876,30.051301088811,1.46882445814921,0,15.7,,,124.636185249189,297.329444349847,,,120.869443766313,267.278143261036
3.776921006756,30.150781626071,1.46882445814921,0,15.8,,,124.646364773069,297.428924887107,,,120.869443766313,267.278143261036
3.787100530636,30.250262163332,1.46882445814921,0,15.9,,,124.656544296949,297.528405424368,,,120.869443766313,267.278143261036
3.79728005451601,30.349742700592,1.46882445814921,0,16,,,124.666723820829,297.627885961628,,,120.869443766313,267.278143261036
3.80745957839601,30.449223237852,1.46882445814921,0,16.1,,,124.676903344709,297.727366498888,,,120.869443766313,267.278143261036
3.817639102277,30.548703775112,1.46882445814921,0,16.2,,,124.68708286859,297.826847036148,,,120.869443766313,267.278143261036
3.827818626157,30.648184312372,1.46882445814921,0,16.3,,,124.69726239247,297.926327573408,,,120.869443766313,267.278143261036
3.83799815003701,30.747664849632,1.46882445814921,0,16.4,,,124.70744191635,298.025808110668,,,120.869443766313,267.278143261036
3.84817767391701,30.847145386893,1.46882445814921,0,16.5,,,124.71762144023,298.125288647929,,,120.869443766313,267.278143261036
3.85835719779701,30.946625924153,1.46882445814921,0,16.6,,,124.72780096411,298.224769185189,,,120.869443766313,267.278143261036
3.868536721677,31.046106461413,1.46882445814921,0,16.7,,,124.73798048799,298.324249722449,,,120.869443766313,267.278143261036
3.878716245558,31.145586998673,1.46882445814921,0,16.8,,,124.748160011871,298.423730259709,,,120.869443766313,267.278143261036
3.88889576943801,31.245067535933,1.46882445814921,0,16.9,,,124.758339535751,298.523210796969,,,120.869443766313,267.278143261036
3.89907529331801,31.344548073194,1.46882445814921,0,17,,,124.768519059631,298.62269133423,,,120.869443766313,267.278143261036
3.909254817198,31.444028610454,1.46882445814921,0,17.1,,,124.778698583511,298.72217187149,,,120.869443766313,267.278143261036
3.919434341078,31.543509147714,1.46882445814921,0,17.2,,,124.788878107391,298.82165240875,,,120.869443766313,267.278143261036
3.92961386495901,31.642989684974,1.46882445814921,0,17.3,,,124.799057631272,298.92113294601,,,120.869443766313,267.278143261036
3.93979338883901,31.742470222234,1.46882445814921,0,17.4,,,124.809237155152,299.02061348327,,,120.869443766313,267.278143261036
3.94997291271901,31.841950759494,1.46882445814921,0,17.5,,,124.819416679032,299.12009402053,,,120.869443766313,267.278143261036
3.960152436599,31.941431296755,1.46882445814921,0,17.6,,,124.829596202912,299.219574557791,,,120.869443766313,267.278143261036
3.970331960479,32.040911834015,1.46882445814921,0,17.7,,,124.839775726792,299.319055095051,,,120.869443766313,267.278143261036
3.980511484359,32.140392371275,1.46882445814921,0,17.8,,,124.849955250672,299.418535632311,,,120.869443766313,267.278143261036
3.99069100824001,32.239872908535,1.46882445814921,0,17.9,,,124.860134774553,299.518016169571,,,120.869443766313,267.278143261036
4.00087053212,32.339353445795,1.46882445814921,0,18,,,124.870314298433,299.617496706831,,,120.869443766313,267.278143261036
4.011050056,32.438833983055,1.46882445814921,0,18.1,,,124.880493822313,299.716977244091,,,120.869443766313,267.278143261036
4.02122957988,32.538314520316,1.46882445814921,0,18.2,,,124.890673346193,299.816457781352,,,120.869443766313,267.278143261036
4.03140910376,32.637795057576,1.46882445814921,0,18.3,,,124.900852870073,299.915938318612,,,120.869443766313,267.278143261036
4.04158862764101,32.737275594836,1.46882445814921,0,18.4,,,124.911032393954,300.015418855872,,,120.869443766313,267.278143261036
4.051768151521,32.836756132096,1.46882445814921,0,18.5,,,124.921211917834,300.114899393132,,,120.869443766313,267.278143261036
4.061947675401,32.936236669356,1.46882445814921,0,18.6,,,124.931391441714,300.214379930392,,,120.869443766313,267.278143261036
4.072127199281,33.035717206616,1.46882445814921,0,18.7,,,124.941570965594,300.313860467652,,,120.869443766313,267.278143261036
4.082306723161,33.135197743877,1.46882445814921,0,18.8,,,124.951750489474,300.413341004913,,,120.869443766313,267.278143261036
4.09248624704101,33.234678281137,1.46882445814921,0,18.9,,,124.961930013354,300.512821542173,,,120.869443766313,267.278143261036
4.102665770922,33.334158818397,1.46882445814921,0,19,,,124.972109537235,300.612302079433,,,120.869443766313,267.278143261036
4.112845294802,33.433639355657,1.46882445814921,0,19.1,,,124.982289061115,300.711782616693,,,120.869443766313,267.278143261036
4.123024818682,33.533119892917,1.46882445814921,0,19.2,,,124.992468584995,300.811263153953,,,120.869443766313,267.278143261036
4.133204342562,33.632600430178,1.46882445814921,0,19.3,,,125.002648108875,300.910743691214,,,120.869443766313,267.278143261036
4.14338386644201,33.732080967438,1.46882445814921,0,19.4,,,125.012827632755,301.010224228474,,,120.869443766313,267.278143261036
4.153563390323,33.831561504698,1.46882445814921,0,19.5,,,125.023007156636,301.109704765734,,,120.869443766313,267.278143261036
4.163742914203,33.931042041958,1.46882445814921,0,19.6,,,125.033186680516,301.209185302994,,,120.869443766313,267.278143261036
4.173922438083,34.030522579218,1.46882445814921,0,19.7,,,125.043366204396,301.308665840254,,,120.869443766313,267.278143261036
4.18410196196301,34.130003116478,1.46882445814921,0,19.8,,,125.053545728276,301.408146377514,,,120.869443766313,267.278143261036
4.19428148584301,34.229483653739,1.46882445814921,0,19.9,,,125.063725252156,301.507626914775,,,120.869443766313,267.278143261036
4.20446100972301,34.328964190999,1.46882445814921,0,20,,,125.073904776036,301.607107452035,,,120.869443766313,267.278143261036
4.214640533604,34.428444728259,1.46882445814921,0,20.1,,,125.084084299917,301.706587989295,,,120.869443766313,267.278143261036
4.224820057484,34.527925265519,1.46882445814921,0,20.2,,,125.094263823797,301.806068526555,,,120.869443766313,267.278143261036
4.23499958136401,34.627405802779,1.46882445814921,0,20.3,,,125.104443347677,301.905549063815,,,120.869443766313,267.278143261036
4.24517910524401,34.726886340039,1.46882445814921,0,20.4,,,125.114622871557,302.005029601075,,,120.869443766313,267.278143261036
4.255358629124,34.8263668773,1.46882445814921,0,20.5,,,125.124802395437,302.104510138336,,,120.869443766313,267.278143261036
4.265538153005,34.92584741456,1.46882445814921,0,20.6,,,125.134981919318,302.203990675596,,,120.869443766313,267.278143261036
4.27571767688501,35.02532795182,1.46882445814921,0,20.7,,,125.145161443198,302.303471212856,,,120.869443766313,267.278143261036
4.28589720076501,35.12480848908,1.46882445814921,0,20.8,,,125.155340967078,302.402951750116,,,120.869443766313,267.278143261036
4.29607672464501,35.22428902634,1.46882445814921,0,20.9,,,125.165520490958,302.502432287376,,,120.869443766313,267.278143261036
4.306256248525,35.3237695636,1.46882445814921,0,21,,,125.175700014838,302.601912824636,,,120.869443766313,267.278143261036
4.316435772405,35.423250100861,1.46882445814921,0,21.1,,,125.185879538718,302.701393361897,,,120.869443766313,267.278143261036
4.32661529628601,35.522730638121,1.46882445814921,0,21.2,,,125.196059062599,302.800873899157,,,120.869443766313,267.278143261036
4.33679482016601,35.622211175381,1.46882445814921,0,21.3,,,125.206238586479,302.900354436417,,,120.869443766313,267.278143261036
4.346974344046,35.721691712641,1.46882445814921,0,21.4,,,125.216418110359,302.999834973677,,,120.869443766313,267.278143261036
4.357153867926,35.821172249901,1.46882445814921,0,21.5,,,125.226597634239,303.099315510937,,,120.869443766313,267.278143261036
4.367333391806,35.920652787162,1.46882445814921,0,21.6,,,125.236777158119,303.198796048198,,,120.869443766313,267.278143261036
4.37751291568701,36.020133324422,1.46882445814921,0,21.7,,,125.246956682,303.298276585458,,,120.869443766313,267.278143261036
4.387692439567,36.119613861682,1.46882445814921,0,21.8,,,125.25713620588,303.397757122718,,,120.869443766313,267.278143261036
4.397871963447,36.219094398942,1.46882445814921,0,21.9,,,125.26731572976,303.497237659978,,,120.869443766313,267.278143261036
4.408051487327,36.318574936202,1.46882445814921,0,22,,,125.27749525364,303.596718197238,,,120.869443766313,267.278143261036
4.418231011207,36.418055473462,1.46882445814921,0,22.1,,,125.28767477752,303.696198734498,,,120.869443766313,267.278143261036
4.428410535087,36.517536010723,1.46882445814921,0,22.2,,,125.2978543014,303.795679271759,,,120.869443766313,267.278143261036
4.438590058968,36.617016547983,1.46882445814921,0,22.3,,,125.308033825281,303.895159809019,,,120.869443766313,267.278143261036
4.448769582848,36.716497085243,1.46882445814921,0,22.4,,,125.318213349161,303.994640346279,,,120.869443766313,267.278143261036
4.458949106728,36.815977622503,1.46882445814921,0,22.5,,,125.328392873041,304.094120883539,,,120.869443766313,267.278143261036
4.469128630608,36.915458159763,1.46882445814921,0,22.6,,,125.338572396921,304.193601420799,,,120.869443766313,267.278143261036
4.47930815448801,37.014938697023,1.46882445814921,0,22.7,,,125.348751920801,304.293081958059,,,120.869443766313,267.278143261036
4.489487678369,37.114419234284,1.46882445814921,0,22.8,,,125.358931444682,304.39256249532,,,120.869443766313,267.278143261036
4.499667202249,37.213899771544,1.46882445814921,0,22.9,,,125.369110968562,304.49204303258,,,120.869443766313,267.278143261036
4.509846726129,37.313380308804,1.46882445814921,0,23,,,125.379290492442,304.59152356984,,,120.869443766313,267.278143261036
4.520026250009,37.412860846064,1.46882445814921,0,23.1,,,125.389470016322,304.6910041071,,,120.869443766313,267.278143261036
4.53020577388901,37.512341383324,1.46882445814921,0,23.2,,,125.399649540202,304.79048464436,,,120.869443766313,267.278143261036
4.534556233687,37.554856738964,1.54809401836323,0,0,,,125.404,304.833,,,120.869443766313,267.278143261036
4.536826269524,37.65483097033,1.54809401836323,0,0.1,,,125.406270035837,304.932974231366,,,120.869443766313,267.278143261036
4.53909630536201,37.754805201697,1.54809401836323,0,0.2,,,125.408540071675,305.032948462733,,,120.869443766313,267.278143261036
4.54136634119901,37.854779433063,1.54809401836323,0,0.3,,,125.410810107512,305.132922694099,,,120.869443766313,267.278143261036
4.54363637703601,37.954753664429,1.54809401836323,0,0.4,,,125.413080143349,305.232896925465,,,120.869443766313,267.278143261036
4.545906412874,38.054727895796,1.54809401836323,0,0.5,,,125.415350179187,305.332871156832,,,120.869443766313,267.278143261036
4.548176448711,38.154702127162,1.54809401836323,0,0.6,,,125.417620215024,305.432845388198,,,120.869443766313,267.278143261036
4.550446484548,38.254676358529,1.54809401836323,0,0.7,,,125.419890250861,305.532819619565,,,120.869443766313,267.278143261036
4.552716520386,38.354650589895,1.54809401836323,0,0.8,,,125.422160286699,305.632793850931,,,120.869443766313,267.278143261036
4.554986556223,38.454624821261,1.54809401836323,0,0.9,,,125.424430322536,305.732768082297,,,120.869443766313,267.278143261036
4.55725659206,38.554599052628,1.54809401836323,0,1,,,125.426700358373,305.832742313664,,,120.869443766313,267.278143261036
4.55952662789801,38.654573283994,1.54809401836323,0,1.1,,,125.428970394211,305.93271654503,,,120.869443766313,267.278143261036
4.56179666373501,38.75454751536,1.54809401836323,0,1.2,,,125.431240430048,306.032690776396,,,120.869443766313,267.278143261036
4.56406669957201,38.854521746727,1.54809401836323,0,1.3,,,125.433510465885,306.132665007763,,,120.869443766313,267.278143261036
4.56633673541,38.954495978093,1.54809401836323,0,1.4,,,125.435780501723,306.232639239129,,,120.869443766313,267.278143261036
4.56860677124701,39.05447020946,1.54809401836323,0,1.5,,,125.43805053756,306.332613470496,,,120.869443766313,267.278143261036
4.57087680708401,39.154444440826,1.54809401836323,0,1.6,,,125.440320573397,306.432587701862,,,120.869443766313,267.278143261036
4.573146842922,39.254418672192,1.54809401836323,0,1.7,,,125.442590609235,306.532561933228,,,120.869443766313,267.278143261036
4.575416878759,39.354392903559,1.54809401836323,0,1.8,,,125.444860645072,306.632536164595,,,120.869443766313,267.278143261036
4.577686914596,39.454367134925,1.54809401836323,0,1.9,,,125.447130680909,306.732510395961,,,120.869443766313,267.278143261036
4.579956950434,39.554341366291,1.54809401836323,0,2,,,125.449400716747,306.832484627327,,,120.869443766313,267.278143261036
4.582226986271,39.654315597658,1.54809401836323,0,2.1,,,125.451670752584,306.932458858694,,,120.869443766313,267.278143261036
4.584497022108,39.754289829024,1.54809401836323,0,2.2,,,125.453940788421,307.03243309006,,,120.869443766313,267.278143261036
4.58676705794601,39.854264060391,1.54809401836323,0,2.3,,,125.456210824259,307.132407321427,,,120.869443766313,267.278143261036
4.58903709378301,39.954238291757,1.54809401836323,0,2.4,,,125.458480860096,307.232381552793,,,120.869443766313,267.278143261036
4.59130712962001,40.054212523123,1.54809401836323,0,2.5,,,125.460750895933,307.332355784159,,,120.869443766313,267.278143261036
4.593577165458,40.15418675449,1.54809401836323,0,2.6,,,125.463020931771,307.432330015526,,,120.869443766313,267.278143261036
4.595847201295,40.254160985856,1.54809401836323,0,2.7,,,125.465290967608,307.532304246892,,,120.869443766313,267.278143261036
4.598117237132,40.354135217222,1.54809401836323,0,2.8,,,125.467561003445,307.632278478258,,,120.869443766313,267.278143261036
4.600387272969,40.454109448589,1.54809401836323,0,2.9,,,125.469831039282,307.732252709625,,,120.869443766313,267.278143261036
4.602657308807,40.554083679955,1.54809401836323,0,3,,,125.47210107512,307.832226940991,,,120.869443766313,267.278143261036
4.604927344644,40.654057911322,1.54809401836323,0,3.1,,,125.474371110957,307.932201172358,,,120.869443766313,267.278143261036
4.607197380481,40.754032142688,1.54809401836323,0,3.2,,,125.476641146794,308.032175403724,,,120.869443766313,267.278143261036
4.60946741631901,40.854006374054,1.54809401836323,0,3.3,,,125.478911182632,308.13214963509,,,120.869443766313,267.278143261036
4.61173745215601,40.953980605421,1.54809401836323,0,3.4,,,125.481181218469,308.232123866457,,,120.869443766313,267.278143261036
4.61400748799301,41.053954836787,1.54809401836323,0,3.5,,,125.483451254306,308.332098097823,,,120.869443766313,267.278143261036
4.616277523831,41.153929068153,1.54809401836323,0,3.6,,,125.485721290144,308.432072329189,,,120.869443766313,267.278143261036
4.618547559668,41.25390329952,1.54809401836323,0,3.7,,,125.487991325981,308.532046560556,,,120.869443766313,267.278143261036
4.620817595505,41.353877530886,1.54809401836323,0,3.8,,,125.490261361818,308.632020791922,,,120.869443766313,267.278143261036
4.623087631343,41.453851762253,1.54809401836323,0,3.9,,,125.492531397656,308.731995023289,,,120.869443766313,267.278143261036
4.62535766718,41.553825993619,1.54809401836323,0,4,,,125.494801433493,308.831969254655,,,120.869443766313,267.278143261036
4.627627703017,41.653800224985,1.54809401836323,0,4.1,,,125.49707146933,308.931943486021,,,120.869443766313,267.278143261036
4.62989773885501,41.753774456352,1.54809401836323,0,4.2,,,125.499341505168,309.031917717388,,,120.869443766313,267.278143261036
4.63216777469201,41.853748687718,1.54809401836323,0,4.3,,,125.501611541005,309.131891948754,,,120.869443766313,267.278143261036
4.63443781052901,41.953722919084,1.54809401836323,0,4.4,,,125.503881576842,309.23186618012,,,120.869443766313,267.278143261036
4.636707846367,42.053697150451,1.54809401836323,0,4.5,,,125.50615161268,309.331840411487,,,120.869443766313,267.278143261036
4.638977882204,42.153671381817,1.54809401836323,0,4.6,,,125.508421648517,309.431814642853,,,120.869443766313,267.278143261036
4.641247918041,42.253645613184,1.54809401836323,0,4.7,,,125.510691684354,309.53178887422,,,120.869443766313,267.278143261036
4.643517953879,42.35361984455,1.54809401836323,0,4.8,,,125.512961720192,309.631763105586,,,120.869443766313,267.278143261036
4.645787989716,42.453594075916,1.54809401836323,0,4.9,,,125.515231756029,309.731737336952,,,120.869443766313,267.278143261036
4.648058025553,42.553568307283,1.54809401836323,0,5,,,125.517501791866,309.831711568319,,,120.869443766313,267.278143261036
4.65032806139101,42.653542538649,1.54809401836323,0,5.1,,,125.519771827704,309.931685799685,,,120.869443766313,267.278143261036
4.65259809722801,42.753516770015,1.54809401836323,0,5.2,,,125.522041863541,310.031660031051,,,120.869443766313,267.278143261036
4.65486813306501,42.853491001382,1.54809401836323,0,5.3,,,125.524311899378,310.131634262418,,,120.869443766313,267.278143261036
4.657138168903,42.953465232748,1.54809401836323,0,5.4,,,125.526581935216,310.231608493784,,,120.869443766313,267.278143261036
4.65940820474,43.053439464115,1.54809401836323,0,5.5,,,125.528851971053,310.331582725151,,,120.869443766313,267.278143261036
4.661678240577,43.153413695481,1.54809401836323,0,5.6,,,125.53112200689,310.431556956517,,,120.869443766313,267.278143261036
4.663948276415,43.253387926847,1.54809401836323,0,5.7,,,125.533392042728,310.531531187883,,,120.869443766313,267.278143261036
4.666218312252,43.353362158214,1.54809401836323,0,5.8,,,125.535662078565,310.63150541925,,,120.869443766313,267.278143261036
4.668488348089,43.45333638958,1.54809401836323,0,5.9,,,125.537932114402,310.731479650616,,,120.869443766313,267.278143261036
4.67075838392701,43.553310620946,1.54809401836323,0,6,,,125.54020215024,310.831453881982,,,120.869443766313,267.278143261036
4.67302841976401,43.653284852313,1.54809401836323,0,6.1,,,125.542472186077,310.931428113349,,,120.869443766313,267.278143261036
4.67529845560101,43.753259083679,1.54809401836323,0,6.2,,,125.544742221914,311.031402344715,,,120.869443766313,267.278143261036
4.677568491439,43.853233315046,1.54809401836323,0,6.3,,,125.547012257752,311.131376576082,,,120.869443766313,267.278143261036
4.679838527276,43.953207546412,1.54809401836323,0,6.4,,,125.549282293589,311.231350807448,,,120.869443766313,267.278143261036
